date,value
1/1/2017 1:00,0.2
1/1/2017 2:00,0
1/1/2017 3:00,0
1/1/2017 4:00,0
1/1/2017 5:00,0
1/1/2017 6:00,0
1/1/2017 7:00,0
1/1/2017 8:00,0.1
1/1/2017 9:00,0
1/1/2017 10:00,0.2
1/1/2017 11:00,0.3
1/1/2017 12:00,0
1/1/2017 13:00,0
1/1/2017 14:00,0.4
1/1/2017 15:00,0
1/1/2017 16:00,0
1/1/2017 17:00,0
1/1/2017 18:00,0.1
1/1/2017 19:00,0
1/1/2017 20:00,0
1/1/2017 21:00,0.1
1/1/2017 22:00,0
1/1/2017 23:00,0
1/2/2017 0:00,0.1
1/2/2017 1:00,0
1/2/2017 2:00,0
1/2/2017 3:00,0.1
1/2/2017 4:00,0
1/2/2017 5:00,0
1/2/2017 6:00,0
1/2/2017 7:00,0
1/2/2017 8:00,0
1/2/2017 9:00,0.1
1/2/2017 10:00,0.2
1/2/2017 11:00,0
1/2/2017 12:00,0
1/2/2017 13:00,0
1/2/2017 14:00,0.2
1/2/2017 15:00,0
1/2/2017 16:00,0
1/2/2017 17:00,0.1
1/2/2017 18:00,0
1/2/2017 19:00,0
1/2/2017 20:00,0.1
1/2/2017 21:00,0
1/2/2017 22:00,0
1/2/2017 23:00,0.1
1/3/2017 0:00,0
1/3/2017 1:00,0
1/3/2017 2:00,0.1
1/3/2017 3:00,0
1/3/2017 4:00,0
1/3/2017 5:00,0
1/3/2017 6:00,0
1/3/2017 7:00,0
1/3/2017 8:00,0
1/3/2017 9:00,0
1/3/2017 10:00,0.2
1/3/2017 11:00,0
1/3/2017 12:00,0
1/3/2017 13:00,0.3
1/3/2017 14:00,0.1
1/3/2017 15:00,0
1/3/2017 16:00,0
1/3/2017 17:00,0
1/3/2017 18:00,0
1/3/2017 19:00,0.2
1/3/2017 20:00,0.1
1/3/2017 21:00,0
1/3/2017 22:00,0.1
1/3/2017 23:00,0
1/4/2017 0:00,0.1
1/4/2017 1:00,0
1/4/2017 2:00,0
1/4/2017 3:00,0
1/4/2017 4:00,0
1/4/2017 5:00,0
1/4/2017 6:00,0.1
1/4/2017 7:00,0.2
1/4/2017 8:00,0.2
1/4/2017 9:00,0.1
1/4/2017 10:00,0
1/4/2017 11:00,0.1
1/4/2017 12:00,0.1
1/4/2017 13:00,0
1/4/2017 14:00,0.1
1/4/2017 15:00,0
1/4/2017 16:00,0.1
1/4/2017 17:00,0.1
1/4/2017 18:00,0.1
1/4/2017 19:00,0
1/4/2017 20:00,0
1/4/2017 21:00,0
1/4/2017 22:00,0.1
1/4/2017 23:00,0
1/5/2017 0:00,0.1
1/5/2017 1:00,0
1/5/2017 2:00,0
1/5/2017 3:00,0
1/5/2017 4:00,0
1/5/2017 5:00,0.1
1/5/2017 6:00,0.1
1/5/2017 7:00,0.2
1/5/2017 8:00,0
1/5/2017 9:00,0.1
1/5/2017 10:00,0
1/5/2017 11:00,0.1
1/5/2017 12:00,0.1
1/5/2017 13:00,0
1/5/2017 14:00,0.1
1/5/2017 15:00,0.1
1/5/2017 16:00,0.1
1/5/2017 17:00,0.1
1/5/2017 18:00,0.2
1/5/2017 19:00,0
1/5/2017 20:00,0.1
1/5/2017 21:00,0
1/5/2017 22:00,0.1
1/5/2017 23:00,0.1
1/6/2017 0:00,0
1/6/2017 1:00,0
1/6/2017 2:00,0.1
1/6/2017 3:00,0
1/6/2017 4:00,0
1/6/2017 5:00,0
1/6/2017 6:00,0.1
1/6/2017 7:00,0.3
1/6/2017 8:00,0.2
1/6/2017 9:00,0.1
1/6/2017 10:00,0
1/6/2017 11:00,0
1/6/2017 12:00,0
1/6/2017 13:00,0.1
1/6/2017 14:00,0
1/6/2017 15:00,0
1/6/2017 16:00,0
1/6/2017 17:00,0.2
1/6/2017 18:00,0
1/6/2017 19:00,0
1/6/2017 20:00,0.1
1/6/2017 21:00,0
1/6/2017 22:00,0
1/6/2017 23:00,0
1/7/2017 0:00,0
1/7/2017 1:00,0.1
1/7/2017 2:00,0
1/7/2017 3:00,0
1/7/2017 4:00,0
1/7/2017 5:00,0
1/7/2017 6:00,0
1/7/2017 7:00,0
1/7/2017 8:00,0
1/7/2017 9:00,0.1
1/7/2017 10:00,0
1/7/2017 11:00,0
1/7/2017 12:00,0
1/7/2017 13:00,0.3
1/7/2017 14:00,0
1/7/2017 15:00,0.1
1/7/2017 16:00,0.1
1/7/2017 17:00,0
1/7/2017 18:00,0
1/7/2017 19:00,0
1/7/2017 20:00,0.1
1/7/2017 21:00,0.1
1/7/2017 22:00,0
1/7/2017 23:00,0
1/8/2017 0:00,0.1
1/8/2017 1:00,0
1/8/2017 2:00,0
1/8/2017 3:00,0
1/8/2017 4:00,0
1/8/2017 5:00,0
1/8/2017 6:00,0
1/8/2017 7:00,0
1/8/2017 8:00,0
1/8/2017 9:00,0
1/8/2017 10:00,0.2
1/8/2017 11:00,0.6
1/8/2017 12:00,0
1/8/2017 13:00,0
1/8/2017 14:00,0
1/8/2017 15:00,0
1/8/2017 16:00,0.1
1/8/2017 17:00,0.1
1/8/2017 18:00,0.1
1/8/2017 19:00,0.2
1/8/2017 20:00,0
1/8/2017 21:00,0.1
1/8/2017 22:00,0.1
1/8/2017 23:00,0
1/9/2017 0:00,0.2
1/9/2017 1:00,0.1
1/9/2017 2:00,0.1
1/9/2017 3:00,0
1/9/2017 4:00,0
1/9/2017 5:00,0
1/9/2017 6:00,0.1
1/9/2017 7:00,0.2
1/9/2017 8:00,0
1/9/2017 9:00,0.1
1/9/2017 10:00,0
1/9/2017 11:00,0.1
1/9/2017 12:00,0.1
1/9/2017 13:00,0
1/9/2017 14:00,0.2
1/9/2017 15:00,0
1/9/2017 16:00,0
1/9/2017 17:00,0
1/9/2017 18:00,0.5
1/9/2017 19:00,0
1/9/2017 20:00,0
1/9/2017 21:00,0
1/9/2017 22:00,0
1/9/2017 23:00,0
1/10/2017 0:00,0.1
1/10/2017 1:00,0.1
1/10/2017 2:00,0
1/10/2017 3:00,0
1/10/2017 4:00,0
1/10/2017 5:00,0
1/10/2017 6:00,0
1/10/2017 7:00,0.3
1/10/2017 8:00,0.3
1/10/2017 9:00,0.1
1/10/2017 10:00,0.1
1/10/2017 11:00,0.2
1/10/2017 12:00,0.1
1/10/2017 13:00,0
1/10/2017 14:00,0
1/10/2017 15:00,0
1/10/2017 16:00,0
1/10/2017 17:00,0
1/10/2017 18:00,0
1/10/2017 19:00,0
1/10/2017 20:00,0
1/10/2017 21:00,0.5
1/10/2017 22:00,0
1/10/2017 23:00,0.1
1/11/2017 0:00,0
1/11/2017 1:00,0
1/11/2017 2:00,0
1/11/2017 3:00,0
1/11/2017 4:00,0
1/11/2017 5:00,0
1/11/2017 6:00,0.1
1/11/2017 7:00,0.2
1/11/2017 8:00,0
1/11/2017 9:00,0.1
1/11/2017 10:00,0
1/11/2017 11:00,0
1/11/2017 12:00,0
1/11/2017 13:00,0
1/11/2017 14:00,0
1/11/2017 15:00,0.1
1/11/2017 16:00,0
1/11/2017 17:00,0
1/11/2017 18:00,0
1/11/2017 19:00,0
1/11/2017 20:00,0
1/11/2017 21:00,0.2
1/11/2017 22:00,0.2
1/11/2017 23:00,0
1/12/2017 0:00,0
1/12/2017 1:00,0
1/12/2017 2:00,0
1/12/2017 3:00,0
1/12/2017 4:00,0
1/12/2017 5:00,0
1/12/2017 6:00,0.1
1/12/2017 7:00,0.2
1/12/2017 8:00,0.1
1/12/2017 9:00,0
1/12/2017 10:00,0.1
1/12/2017 11:00,0.2
1/12/2017 12:00,0.1
1/12/2017 13:00,0
1/12/2017 14:00,0
1/12/2017 15:00,0.1
1/12/2017 16:00,0
1/12/2017 17:00,0
1/12/2017 18:00,0
1/12/2017 19:00,0
1/12/2017 20:00,0.4
1/12/2017 21:00,0
1/12/2017 22:00,0.1
1/12/2017 23:00,0
1/13/2017 0:00,0
1/13/2017 1:00,0
1/13/2017 2:00,0
1/13/2017 3:00,0
1/13/2017 4:00,0
1/13/2017 5:00,0
1/13/2017 6:00,0.4
1/13/2017 7:00,0
1/13/2017 8:00,0
1/13/2017 9:00,0.1
1/13/2017 10:00,0
1/13/2017 11:00,0.2
1/13/2017 12:00,0
1/13/2017 13:00,0
1/13/2017 14:00,0
1/13/2017 15:00,0
1/13/2017 16:00,0
1/13/2017 17:00,0
1/13/2017 18:00,0
1/13/2017 19:00,0.1
1/13/2017 20:00,0.4
1/13/2017 21:00,0.1
1/13/2017 22:00,0
1/13/2017 23:00,0.1
1/14/2017 0:00,0
1/14/2017 1:00,0.1
1/14/2017 2:00,0
1/14/2017 3:00,0
1/14/2017 4:00,0
1/14/2017 5:00,0
1/14/2017 6:00,0
1/14/2017 7:00,0
1/14/2017 8:00,0
1/14/2017 9:00,0
1/14/2017 10:00,0.6
1/14/2017 11:00,0
1/14/2017 12:00,0
1/14/2017 13:00,0.3
1/14/2017 14:00,0
1/14/2017 15:00,0.1
1/14/2017 16:00,0
1/14/2017 17:00,0
1/14/2017 18:00,0
1/14/2017 19:00,0.1
1/14/2017 20:00,0
1/14/2017 21:00,0
1/14/2017 22:00,0
1/14/2017 23:00,0.1
1/15/2017 0:00,0
1/15/2017 1:00,0
1/15/2017 2:00,0.1
1/15/2017 3:00,0
1/15/2017 4:00,0
1/15/2017 5:00,0
1/15/2017 6:00,0
1/15/2017 7:00,0
1/15/2017 8:00,0
1/15/2017 9:00,0.1
1/15/2017 10:00,0.6
1/15/2017 11:00,0.1
1/15/2017 12:00,0
1/15/2017 13:00,0.2
1/15/2017 14:00,0
1/15/2017 15:00,0
1/15/2017 16:00,0.1
1/15/2017 17:00,0
1/15/2017 18:00,0.1
1/15/2017 19:00,0
1/15/2017 20:00,0
1/15/2017 21:00,0
1/15/2017 22:00,0.1
1/15/2017 23:00,0.1
1/16/2017 0:00,0
1/16/2017 1:00,0
1/16/2017 2:00,0
1/16/2017 3:00,0
1/16/2017 4:00,0
1/16/2017 5:00,0
1/16/2017 6:00,0
1/16/2017 7:00,0
1/16/2017 8:00,0.4
1/16/2017 9:00,0
1/16/2017 10:00,0.2
1/16/2017 11:00,0
1/16/2017 12:00,0
1/16/2017 13:00,0.2
1/16/2017 14:00,0
1/16/2017 15:00,0
1/16/2017 16:00,0
1/16/2017 17:00,0
1/16/2017 18:00,0.1
1/16/2017 19:00,0
1/16/2017 20:00,0
1/16/2017 21:00,0
1/16/2017 22:00,0.1
1/16/2017 23:00,0
1/17/2017 0:00,0.1
1/17/2017 1:00,0
1/17/2017 2:00,0
1/17/2017 3:00,0
1/17/2017 4:00,0
1/17/2017 5:00,0
1/17/2017 6:00,0.1
1/17/2017 7:00,0.2
1/17/2017 8:00,0
1/17/2017 9:00,0.1
1/17/2017 10:00,0
1/17/2017 11:00,0.1
1/17/2017 12:00,0
1/17/2017 13:00,0
1/17/2017 14:00,0.1
1/17/2017 15:00,0.1
1/17/2017 16:00,0.1
1/17/2017 17:00,0.2
1/17/2017 18:00,0
1/17/2017 19:00,0.1
1/17/2017 20:00,0
1/17/2017 21:00,0.1
1/17/2017 22:00,0.1
1/17/2017 23:00,0
1/18/2017 0:00,0.1
1/18/2017 1:00,0
1/18/2017 2:00,0
1/18/2017 3:00,0
1/18/2017 4:00,0
1/18/2017 5:00,0
1/18/2017 6:00,0.2
1/18/2017 7:00,0.1
1/18/2017 8:00,0
1/18/2017 9:00,0
1/18/2017 10:00,0.1
1/18/2017 11:00,0
1/18/2017 12:00,0
1/18/2017 13:00,0
1/18/2017 14:00,0
1/18/2017 15:00,0
1/18/2017 16:00,0
1/18/2017 17:00,0.1
1/18/2017 18:00,0
1/18/2017 19:00,0.5
1/18/2017 20:00,0
1/18/2017 21:00,0
1/18/2017 22:00,0.1
1/18/2017 23:00,0
1/19/2017 0:00,0
1/19/2017 1:00,0
1/19/2017 2:00,0
1/19/2017 3:00,0
1/19/2017 4:00,0.1
1/19/2017 5:00,0
1/19/2017 6:00,0
1/19/2017 7:00,0.2
1/19/2017 8:00,0
1/19/2017 9:00,0.1
1/19/2017 10:00,0
1/19/2017 11:00,0
1/19/2017 12:00,0.1
1/19/2017 13:00,0
1/19/2017 14:00,0.1
1/19/2017 15:00,0
1/19/2017 16:00,0
1/19/2017 17:00,0
1/19/2017 18:00,0
1/19/2017 19:00,0.1
1/19/2017 20:00,0
1/19/2017 21:00,0.1
1/19/2017 22:00,0
1/19/2017 23:00,0
1/20/2017 0:00,0.1
1/20/2017 1:00,0
1/20/2017 2:00,0
1/20/2017 3:00,0
1/20/2017 4:00,0
1/20/2017 5:00,0
1/20/2017 6:00,0.3
1/20/2017 7:00,0
1/20/2017 8:00,0.1
1/20/2017 9:00,0
1/20/2017 10:00,0
1/20/2017 11:00,0.1
1/20/2017 12:00,0.1
1/20/2017 13:00,0.1
1/20/2017 14:00,0
1/20/2017 15:00,0
1/20/2017 16:00,0
1/20/2017 17:00,0
1/20/2017 18:00,0
1/20/2017 19:00,0
1/20/2017 20:00,0.1
1/20/2017 21:00,0
1/20/2017 22:00,0
1/20/2017 23:00,0
1/21/2017 0:00,0
1/21/2017 1:00,0.1
1/21/2017 2:00,0
1/21/2017 3:00,0
1/21/2017 4:00,0
1/21/2017 5:00,0
1/21/2017 6:00,0
1/21/2017 7:00,0
1/21/2017 8:00,0
1/21/2017 9:00,0.1
1/21/2017 10:00,0
1/21/2017 11:00,0
1/21/2017 12:00,0
1/21/2017 13:00,0
1/21/2017 14:00,0.1
1/21/2017 15:00,0.2
1/21/2017 16:00,0
1/21/2017 17:00,0
1/21/2017 18:00,0.5
1/21/2017 19:00,0
1/21/2017 20:00,0
1/21/2017 21:00,0.1
1/21/2017 22:00,0.1
1/21/2017 23:00,0
1/22/2017 0:00,0.1
1/22/2017 1:00,0
1/22/2017 2:00,0.1
1/22/2017 3:00,0
1/22/2017 4:00,0
1/22/2017 5:00,0
1/22/2017 6:00,0
1/22/2017 7:00,0
1/22/2017 8:00,0
1/22/2017 9:00,0.1
1/22/2017 10:00,0.1
1/22/2017 11:00,0.6
1/22/2017 12:00,0
1/22/2017 13:00,0
1/22/2017 14:00,0.1
1/22/2017 15:00,0.1
1/22/2017 16:00,0.1
1/22/2017 17:00,0.2
1/22/2017 18:00,0.1
1/22/2017 19:00,0
1/22/2017 20:00,0.1
1/22/2017 21:00,0.1
1/22/2017 22:00,0
1/22/2017 23:00,0.1
1/23/2017 0:00,0.1
1/23/2017 1:00,0
1/23/2017 2:00,0.1
1/23/2017 3:00,0
1/23/2017 4:00,0
1/23/2017 5:00,0
1/23/2017 6:00,0.1
1/23/2017 7:00,0.2
1/23/2017 8:00,0.4
1/23/2017 9:00,0
1/23/2017 10:00,0.1
1/23/2017 11:00,0
1/23/2017 12:00,0.1
1/23/2017 13:00,0
1/23/2017 14:00,0
1/23/2017 15:00,0.1
1/23/2017 16:00,0
1/23/2017 17:00,0
1/23/2017 18:00,0
1/23/2017 19:00,0.4
1/23/2017 20:00,0
1/23/2017 21:00,0.1
1/23/2017 22:00,0.1
1/23/2017 23:00,0
1/24/2017 0:00,0
1/24/2017 1:00,0
1/24/2017 2:00,0.1
1/24/2017 3:00,0
1/24/2017 4:00,0
1/24/2017 5:00,0
1/24/2017 6:00,0
1/24/2017 7:00,0.3
1/24/2017 8:00,0.1
1/24/2017 9:00,0.1
1/24/2017 10:00,0
1/24/2017 11:00,0
1/24/2017 12:00,0
1/24/2017 13:00,0.1
1/24/2017 14:00,0.1
1/24/2017 15:00,0
1/24/2017 16:00,0
1/24/2017 17:00,0
1/24/2017 18:00,0
1/24/2017 19:00,0
1/24/2017 20:00,0.5
1/24/2017 21:00,0
1/24/2017 22:00,0
1/24/2017 23:00,0
1/25/2017 0:00,0
1/25/2017 1:00,0
1/25/2017 2:00,0
1/25/2017 3:00,0
1/25/2017 4:00,0
1/25/2017 5:00,0.1
1/25/2017 6:00,0
1/25/2017 7:00,0.3
1/25/2017 8:00,0.1
1/25/2017 9:00,0.3
1/25/2017 10:00,0.1
1/25/2017 11:00,0.1
1/25/2017 12:00,0
1/25/2017 13:00,0
1/25/2017 14:00,0
1/25/2017 15:00,0
1/25/2017 16:00,0
1/25/2017 17:00,0
1/25/2017 18:00,0
1/25/2017 19:00,0
1/25/2017 20:00,0.1
1/25/2017 21:00,0.1
1/25/2017 22:00,0
1/25/2017 23:00,0.1
1/26/2017 0:00,0
1/26/2017 1:00,0
1/26/2017 2:00,0.1
1/26/2017 3:00,0
1/26/2017 4:00,0
1/26/2017 5:00,0
1/26/2017 6:00,0.1
1/26/2017 7:00,0.4
1/26/2017 8:00,0.3
1/26/2017 9:00,0
1/26/2017 10:00,0.2
1/26/2017 11:00,0
1/26/2017 12:00,0
1/26/2017 13:00,0.1
1/26/2017 14:00,0
1/26/2017 15:00,0.1
1/26/2017 16:00,0
1/26/2017 17:00,0
1/26/2017 18:00,0
1/26/2017 19:00,0
1/26/2017 20:00,0.5
1/26/2017 21:00,0
1/26/2017 22:00,0
1/26/2017 23:00,0.1
1/27/2017 0:00,0
1/27/2017 1:00,0
1/27/2017 2:00,0
1/27/2017 3:00,0
1/27/2017 4:00,0
1/27/2017 5:00,0
1/27/2017 6:00,0.3
1/27/2017 7:00,0.1
1/27/2017 8:00,0
1/27/2017 9:00,0
1/27/2017 10:00,0
1/27/2017 11:00,0.3
1/27/2017 12:00,0
1/27/2017 13:00,0
1/27/2017 14:00,0
1/27/2017 15:00,0
1/27/2017 16:00,0
1/27/2017 17:00,0
1/27/2017 18:00,0
1/27/2017 19:00,0
1/27/2017 20:00,0
1/27/2017 21:00,0
1/27/2017 22:00,0
1/27/2017 23:00,0
1/28/2017 0:00,0
1/28/2017 1:00,0
1/28/2017 2:00,0
1/28/2017 3:00,0
1/28/2017 4:00,0
1/28/2017 5:00,0
1/28/2017 6:00,0.1
1/28/2017 7:00,0
1/28/2017 8:00,0
1/28/2017 9:00,0
1/28/2017 10:00,0
1/28/2017 11:00,0
1/28/2017 12:00,0
1/28/2017 13:00,0
1/28/2017 14:00,0
1/28/2017 15:00,0
1/28/2017 16:00,0
1/28/2017 17:00,0
1/28/2017 18:00,0.2
1/28/2017 19:00,0
1/28/2017 20:00,0
1/28/2017 21:00,0
1/28/2017 22:00,0
1/28/2017 23:00,0.1
1/29/2017 0:00,0
1/29/2017 1:00,0
1/29/2017 2:00,0
1/29/2017 3:00,0
1/29/2017 4:00,0
1/29/2017 5:00,0
1/29/2017 6:00,0
1/29/2017 7:00,0
1/29/2017 8:00,0
1/29/2017 9:00,0
1/29/2017 10:00,0.1
1/29/2017 11:00,0
1/29/2017 12:00,0.1
1/29/2017 13:00,0
1/29/2017 14:00,0
1/29/2017 15:00,0.1
1/29/2017 16:00,0.2
1/29/2017 17:00,0.2
1/29/2017 18:00,0
1/29/2017 19:00,0
1/29/2017 20:00,0
1/29/2017 21:00,0.1
1/29/2017 22:00,0
1/29/2017 23:00,0.1
1/30/2017 0:00,0
1/30/2017 1:00,0
1/30/2017 2:00,0
1/30/2017 3:00,0.1
1/30/2017 4:00,0
1/30/2017 5:00,0
1/30/2017 6:00,0
1/30/2017 7:00,0.3
1/30/2017 8:00,0
1/30/2017 9:00,0
1/30/2017 10:00,0.1
1/30/2017 11:00,0.1
1/30/2017 12:00,0.2
1/30/2017 13:00,0
1/30/2017 14:00,0
1/30/2017 15:00,0
1/30/2017 16:00,0
1/30/2017 17:00,0
1/30/2017 18:00,0.5
1/30/2017 19:00,0
1/30/2017 20:00,0
1/30/2017 21:00,0
1/30/2017 22:00,0.1
1/30/2017 23:00,0
1/31/2017 0:00,0.1
1/31/2017 1:00,0
1/31/2017 2:00,0
1/31/2017 3:00,0
1/31/2017 4:00,0
1/31/2017 5:00,0
1/31/2017 6:00,0.1
1/31/2017 7:00,0.2
1/31/2017 8:00,0
1/31/2017 9:00,0
1/31/2017 10:00,0.1
1/31/2017 11:00,0.1
1/31/2017 12:00,0
1/31/2017 13:00,0.1
1/31/2017 14:00,0
1/31/2017 15:00,0
1/31/2017 16:00,0
1/31/2017 17:00,0
1/31/2017 18:00,0
1/31/2017 19:00,0.4
1/31/2017 20:00,0
1/31/2017 21:00,0
1/31/2017 22:00,0.1
1/31/2017 23:00,0
2/1/2017 0:00,0
2/1/2017 1:00,0
2/1/2017 2:00,0
2/1/2017 3:00,0
2/1/2017 4:00,0
2/1/2017 5:00,0
2/1/2017 6:00,0.1
2/1/2017 7:00,0.3
2/1/2017 8:00,0
2/1/2017 9:00,0
2/1/2017 10:00,0.1
2/1/2017 11:00,0
2/1/2017 12:00,0.2
2/1/2017 13:00,0.2
2/1/2017 14:00,0
2/1/2017 15:00,0.1
2/1/2017 16:00,0
2/1/2017 17:00,0
2/1/2017 18:00,0
2/1/2017 19:00,0.3
2/1/2017 20:00,0.2
2/1/2017 21:00,0
2/1/2017 22:00,0.1
2/1/2017 23:00,0
2/2/2017 0:00,0
2/2/2017 1:00,0
2/2/2017 2:00,0
2/2/2017 3:00,0.1
2/2/2017 4:00,0
2/2/2017 5:00,0
2/2/2017 6:00,0.1
2/2/2017 7:00,0.2
2/2/2017 8:00,0.3
2/2/2017 9:00,0
2/2/2017 10:00,0
2/2/2017 11:00,0
2/2/2017 12:00,0.1
2/2/2017 13:00,0.2
2/2/2017 14:00,0.1
2/2/2017 15:00,0
2/2/2017 16:00,0
2/2/2017 17:00,0
2/2/2017 18:00,0.3
2/2/2017 19:00,0.2
2/2/2017 20:00,0
2/2/2017 21:00,0
2/2/2017 22:00,0
2/2/2017 23:00,0
2/3/2017 0:00,0.1
2/3/2017 1:00,0
2/3/2017 2:00,0
2/3/2017 3:00,0
2/3/2017 4:00,0
2/3/2017 5:00,0
2/3/2017 6:00,0.3
2/3/2017 7:00,0
2/3/2017 8:00,0.1
2/3/2017 9:00,0
2/3/2017 10:00,0
2/3/2017 11:00,0
2/3/2017 12:00,0
2/3/2017 13:00,0
2/3/2017 14:00,0.1
2/3/2017 15:00,0
2/3/2017 16:00,0
2/3/2017 17:00,0
2/3/2017 18:00,0
2/3/2017 19:00,0
2/3/2017 20:00,0
2/3/2017 21:00,0.1
2/3/2017 22:00,0
2/3/2017 23:00,0
2/4/2017 0:00,0
2/4/2017 1:00,0
2/4/2017 2:00,0.1
2/4/2017 3:00,0
2/4/2017 4:00,0
2/4/2017 5:00,0
2/4/2017 6:00,0
2/4/2017 7:00,0
2/4/2017 8:00,0.3
2/4/2017 9:00,0
2/4/2017 10:00,0
2/4/2017 11:00,0.3
2/4/2017 12:00,0
2/4/2017 13:00,0
2/4/2017 14:00,0
2/4/2017 15:00,0.1
2/4/2017 16:00,0
2/4/2017 17:00,0
2/4/2017 18:00,0.1
2/4/2017 19:00,0.1
2/4/2017 20:00,0
2/4/2017 21:00,0.1
2/4/2017 22:00,0
2/4/2017 23:00,0.3
2/5/2017 0:00,0
2/5/2017 1:00,0
2/5/2017 2:00,0
2/5/2017 3:00,0
2/5/2017 4:00,0
2/5/2017 5:00,0
2/5/2017 6:00,0
2/5/2017 7:00,0
2/5/2017 8:00,0
2/5/2017 9:00,0
2/5/2017 10:00,0.6
2/5/2017 11:00,0
2/5/2017 12:00,0
2/5/2017 13:00,0
2/5/2017 14:00,0
2/5/2017 15:00,0
2/5/2017 16:00,0.1
2/5/2017 17:00,0
2/5/2017 18:00,0
2/5/2017 19:00,0
2/5/2017 20:00,0.2
2/5/2017 21:00,0.3
2/5/2017 22:00,0
2/5/2017 23:00,0.1
2/6/2017 0:00,0
2/6/2017 1:00,0.1
2/6/2017 2:00,0
2/6/2017 3:00,0
2/6/2017 4:00,0
2/6/2017 5:00,0
2/6/2017 6:00,0.1
2/6/2017 7:00,0.2
2/6/2017 8:00,0.2
2/6/2017 9:00,0
2/6/2017 10:00,0.1
2/6/2017 11:00,0.2
2/6/2017 12:00,0
2/6/2017 13:00,0
2/6/2017 14:00,0.1
2/6/2017 15:00,0.2
2/6/2017 16:00,0
2/6/2017 17:00,0
2/6/2017 18:00,0
2/6/2017 19:00,0.5
2/6/2017 20:00,0
2/6/2017 21:00,0.1
2/6/2017 22:00,0
2/6/2017 23:00,0.1
2/7/2017 0:00,0
2/7/2017 1:00,0
2/7/2017 2:00,0
2/7/2017 3:00,0
2/7/2017 4:00,0
2/7/2017 5:00,0
2/7/2017 6:00,0.1
2/7/2017 7:00,0.3
2/7/2017 8:00,0.4
2/7/2017 9:00,0
2/7/2017 10:00,0.1
2/7/2017 11:00,0.1
2/7/2017 12:00,0
2/7/2017 13:00,0
2/7/2017 14:00,0
2/7/2017 15:00,0.1
2/7/2017 16:00,0
2/7/2017 17:00,0.1
2/7/2017 18:00,0
2/7/2017 19:00,0
2/7/2017 20:00,0
2/7/2017 21:00,0.1
2/7/2017 22:00,0
2/7/2017 23:00,0.1
2/8/2017 0:00,0.1
2/8/2017 1:00,0
2/8/2017 2:00,0
2/8/2017 3:00,0
2/8/2017 4:00,0
2/8/2017 5:00,0
2/8/2017 6:00,0
2/8/2017 7:00,0.3
2/8/2017 8:00,0
2/8/2017 9:00,0
2/8/2017 10:00,0.1
2/8/2017 11:00,0.1
2/8/2017 12:00,0.1
2/8/2017 13:00,0.1
2/8/2017 14:00,0
2/8/2017 15:00,0
2/8/2017 16:00,0
2/8/2017 17:00,0
2/8/2017 18:00,0
2/8/2017 19:00,0
2/8/2017 20:00,0.5
2/8/2017 21:00,0
2/8/2017 22:00,0.1
2/8/2017 23:00,0
2/9/2017 0:00,0
2/9/2017 1:00,0
2/9/2017 2:00,0
2/9/2017 3:00,0
2/9/2017 4:00,0
2/9/2017 5:00,0
2/9/2017 6:00,0.1
2/9/2017 7:00,0.3
2/9/2017 8:00,0
2/9/2017 9:00,0
2/9/2017 10:00,0
2/9/2017 11:00,0.1
2/9/2017 12:00,0
2/9/2017 13:00,0
2/9/2017 14:00,0
2/9/2017 15:00,0
2/9/2017 16:00,0
2/9/2017 17:00,0
2/9/2017 18:00,0
2/9/2017 19:00,0.1
2/9/2017 20:00,0
2/9/2017 21:00,0
2/9/2017 22:00,0.1
2/9/2017 23:00,0.1
2/10/2017 0:00,0
2/10/2017 1:00,0
2/10/2017 2:00,0
2/10/2017 3:00,0.1
2/10/2017 4:00,0
2/10/2017 5:00,0
2/10/2017 6:00,0.2
2/10/2017 7:00,0
2/10/2017 8:00,0.1
2/10/2017 9:00,0
2/10/2017 10:00,0.2
2/10/2017 11:00,0.1
2/10/2017 12:00,0.1
2/10/2017 13:00,0
2/10/2017 14:00,0
2/10/2017 15:00,0.1
2/10/2017 16:00,0
2/10/2017 17:00,0.1
2/10/2017 18:00,0.3
2/10/2017 19:00,0.1
2/10/2017 20:00,0
2/10/2017 21:00,0
2/10/2017 22:00,0
2/10/2017 23:00,0
2/11/2017 0:00,0
2/11/2017 1:00,0
2/11/2017 2:00,0
2/11/2017 3:00,0
2/11/2017 4:00,0.1
2/11/2017 5:00,0
2/11/2017 6:00,0
2/11/2017 7:00,0
2/11/2017 8:00,0
2/11/2017 9:00,0
2/11/2017 10:00,0
2/11/2017 11:00,0.1
2/11/2017 12:00,0
2/11/2017 13:00,0.1
2/11/2017 14:00,0
2/11/2017 15:00,0.1
2/11/2017 16:00,0
2/11/2017 17:00,0
2/11/2017 18:00,0.1
2/11/2017 19:00,0
2/11/2017 20:00,0
2/11/2017 21:00,0
2/11/2017 22:00,0
2/11/2017 23:00,0
2/12/2017 0:00,0
2/12/2017 1:00,0
2/12/2017 2:00,0
2/12/2017 3:00,0
2/12/2017 4:00,0
2/12/2017 5:00,0
2/12/2017 6:00,0
2/12/2017 7:00,0
2/12/2017 8:00,0
2/12/2017 9:00,0
2/12/2017 10:00,0
2/12/2017 11:00,0
2/12/2017 12:00,0.1
2/12/2017 13:00,0
2/12/2017 14:00,0
2/12/2017 15:00,0
2/12/2017 16:00,0
2/12/2017 17:00,1.6
2/12/2017 18:00,0
2/12/2017 19:00,0
2/12/2017 20:00,0
2/12/2017 21:00,0
2/12/2017 22:00,0.1
2/12/2017 23:00,0
2/13/2017 0:00,0.1
2/13/2017 1:00,0
2/13/2017 2:00,0
2/13/2017 3:00,0
2/13/2017 4:00,0
2/13/2017 5:00,0
2/13/2017 6:00,0.2
2/13/2017 7:00,0.2
2/13/2017 8:00,0.3
2/13/2017 9:00,0
2/13/2017 10:00,0.1
2/13/2017 11:00,0.1
2/13/2017 12:00,0.1
2/13/2017 13:00,0
2/13/2017 14:00,0.1
2/13/2017 15:00,0.1
2/13/2017 16:00,0
2/13/2017 17:00,0
2/13/2017 18:00,0
2/13/2017 19:00,0.2
2/13/2017 20:00,0.1
2/13/2017 21:00,0
2/13/2017 22:00,0.1
2/13/2017 23:00,0
2/14/2017 0:00,0
2/14/2017 1:00,0
2/14/2017 2:00,0
2/14/2017 3:00,0
2/14/2017 4:00,0
2/14/2017 5:00,0.1
2/14/2017 6:00,0
2/14/2017 7:00,0.4
2/14/2017 8:00,0.3
2/14/2017 9:00,0.2
2/14/2017 10:00,0.1
2/14/2017 11:00,0.1
2/14/2017 12:00,0.1
2/14/2017 13:00,0.1
2/14/2017 14:00,0
2/14/2017 15:00,0.1
2/14/2017 16:00,0.1
2/14/2017 17:00,0.1
2/14/2017 18:00,0
2/14/2017 19:00,0.1
2/14/2017 20:00,0
2/14/2017 21:00,0.1
2/14/2017 22:00,0
2/14/2017 23:00,0.2
2/15/2017 0:00,0
2/15/2017 1:00,0
2/15/2017 2:00,0.1
2/15/2017 3:00,0
2/15/2017 4:00,0.1
2/15/2017 5:00,0
2/15/2017 6:00,0.1
2/15/2017 7:00,0.3
2/15/2017 8:00,0
2/15/2017 9:00,0.1
2/15/2017 10:00,0.1
2/15/2017 11:00,0.2
2/15/2017 12:00,0
2/15/2017 13:00,0.1
2/15/2017 14:00,0.1
2/15/2017 15:00,0
2/15/2017 16:00,0
2/15/2017 17:00,0.1
2/15/2017 18:00,0
2/15/2017 19:00,0.5
2/15/2017 20:00,0.1
2/15/2017 21:00,0
2/15/2017 22:00,0.1
2/15/2017 23:00,0.1
2/16/2017 0:00,0
2/16/2017 1:00,0.1
2/16/2017 2:00,0
2/16/2017 3:00,0
2/16/2017 4:00,0.1
2/16/2017 5:00,0
2/16/2017 6:00,0.1
2/16/2017 7:00,0.3
2/16/2017 8:00,0.3
2/16/2017 9:00,0
2/16/2017 10:00,0.2
2/16/2017 11:00,0.1
2/16/2017 12:00,0.1
2/16/2017 13:00,0
2/16/2017 14:00,0.1
2/16/2017 15:00,0.1
2/16/2017 16:00,0
2/16/2017 17:00,0
2/16/2017 18:00,0
2/16/2017 19:00,0.5
2/16/2017 20:00,0.1
2/16/2017 21:00,0
2/16/2017 22:00,0
2/16/2017 23:00,0
2/17/2017 0:00,0.1
2/17/2017 1:00,0
2/17/2017 2:00,0
2/17/2017 3:00,0
2/17/2017 4:00,0.1
2/17/2017 5:00,0
2/17/2017 6:00,0.2
2/17/2017 7:00,0.1
2/17/2017 8:00,0
2/17/2017 9:00,0
2/17/2017 10:00,0.1
2/17/2017 11:00,0.1
2/17/2017 12:00,0
2/17/2017 13:00,0.1
2/17/2017 14:00,0
2/17/2017 15:00,0
2/17/2017 16:00,0.1
2/17/2017 17:00,0.2
2/17/2017 18:00,0.4
2/17/2017 19:00,0
2/17/2017 20:00,0
2/17/2017 21:00,0.1
2/17/2017 22:00,0
2/17/2017 23:00,0.1
2/18/2017 0:00,0
2/18/2017 1:00,0
2/18/2017 2:00,0.1
2/18/2017 3:00,0
2/18/2017 4:00,0
2/18/2017 5:00,0.1
2/18/2017 6:00,0
2/18/2017 7:00,0
2/18/2017 8:00,0
2/18/2017 9:00,0.1
2/18/2017 10:00,0.4
2/18/2017 11:00,0.5
2/18/2017 12:00,0.3
2/18/2017 13:00,0.1
2/18/2017 14:00,0
2/18/2017 15:00,0
2/18/2017 16:00,0
2/18/2017 17:00,0
2/18/2017 18:00,0.1
2/18/2017 19:00,0
2/18/2017 20:00,0.1
2/18/2017 21:00,0
2/18/2017 22:00,0.1
2/18/2017 23:00,0.1
2/19/2017 0:00,0
2/19/2017 1:00,0
2/19/2017 2:00,0.1
2/19/2017 3:00,0
2/19/2017 4:00,0
2/19/2017 5:00,0
2/19/2017 6:00,0
2/19/2017 7:00,0.1
2/19/2017 8:00,0
2/19/2017 9:00,0.2
2/19/2017 10:00,0
2/19/2017 11:00,0.3
2/19/2017 12:00,0
2/19/2017 13:00,0
2/19/2017 14:00,0.2
2/19/2017 15:00,0
2/19/2017 16:00,0.1
2/19/2017 17:00,0.3
2/19/2017 18:00,0
2/19/2017 19:00,0.1
2/19/2017 20:00,0.1
2/19/2017 21:00,0
2/19/2017 22:00,0.3
2/19/2017 23:00,0.1
2/20/2017 0:00,0.2
2/20/2017 1:00,0.1
2/20/2017 2:00,0.1
2/20/2017 3:00,0
2/20/2017 4:00,0
2/20/2017 5:00,0
2/20/2017 6:00,0.1
2/20/2017 7:00,0
2/20/2017 8:00,0.5
2/20/2017 9:00,0.3
2/20/2017 10:00,0.1
2/20/2017 11:00,0
2/20/2017 12:00,0
2/20/2017 13:00,0.2
2/20/2017 14:00,0.1
2/20/2017 15:00,0
2/20/2017 16:00,0
2/20/2017 17:00,0
2/20/2017 18:00,0.1
2/20/2017 19:00,0
2/20/2017 20:00,0
2/20/2017 21:00,0.4
2/20/2017 22:00,0.1
2/20/2017 23:00,0
2/21/2017 0:00,0
2/21/2017 1:00,0
2/21/2017 2:00,0
2/21/2017 3:00,0
2/21/2017 4:00,0.1
2/21/2017 5:00,0
2/21/2017 6:00,0.1
2/21/2017 7:00,0.2
2/21/2017 8:00,0
2/21/2017 9:00,0
2/21/2017 10:00,0.1
2/21/2017 11:00,0.1
2/21/2017 12:00,0
2/21/2017 13:00,0
2/21/2017 14:00,0
2/21/2017 15:00,0
2/21/2017 16:00,0.1
2/21/2017 17:00,0
2/21/2017 18:00,0
2/21/2017 19:00,0
2/21/2017 20:00,0
2/21/2017 21:00,0
2/21/2017 22:00,0.1
2/21/2017 23:00,0
2/22/2017 0:00,0
2/22/2017 1:00,0.1
2/22/2017 2:00,0
2/22/2017 3:00,0
2/22/2017 4:00,0
2/22/2017 5:00,0
2/22/2017 6:00,0
2/22/2017 7:00,0.3
2/22/2017 8:00,0
2/22/2017 9:00,0.1
2/22/2017 10:00,0.1
2/22/2017 11:00,0
2/22/2017 12:00,0.1
2/22/2017 13:00,0
2/22/2017 14:00,0.1
2/22/2017 15:00,0.1
2/22/2017 16:00,0
2/22/2017 17:00,0
2/22/2017 18:00,0
2/22/2017 19:00,0
2/22/2017 20:00,0
2/22/2017 21:00,0.5
2/22/2017 22:00,0
2/22/2017 23:00,0.1
2/23/2017 0:00,0
2/23/2017 1:00,0
2/23/2017 2:00,0.1
2/23/2017 3:00,0
2/23/2017 4:00,0
2/23/2017 5:00,0
2/23/2017 6:00,0
2/23/2017 7:00,0.3
2/23/2017 8:00,0
2/23/2017 9:00,0
2/23/2017 10:00,0
2/23/2017 11:00,0.1
2/23/2017 12:00,0.1
2/23/2017 13:00,0
2/23/2017 14:00,0.1
2/23/2017 15:00,0
2/23/2017 16:00,0
2/23/2017 17:00,0
2/23/2017 18:00,0
2/23/2017 19:00,0
2/23/2017 20:00,0
2/23/2017 21:00,0.1
2/23/2017 22:00,0
2/23/2017 23:00,0
2/24/2017 0:00,0
2/24/2017 1:00,0
2/24/2017 2:00,0.1
2/24/2017 3:00,0
2/24/2017 4:00,0
2/24/2017 5:00,0
2/24/2017 6:00,0.3
2/24/2017 7:00,0
2/24/2017 8:00,0.2
2/24/2017 9:00,0
2/24/2017 10:00,0.2
2/24/2017 11:00,0.1
2/24/2017 12:00,0
2/24/2017 13:00,0
2/24/2017 14:00,0.1
2/24/2017 15:00,0
2/24/2017 16:00,0
2/24/2017 17:00,0
2/24/2017 18:00,0
2/24/2017 19:00,0
2/24/2017 20:00,0
2/24/2017 21:00,0
2/24/2017 22:00,0.1
2/24/2017 23:00,0.1
2/25/2017 0:00,0
2/25/2017 1:00,0
2/25/2017 2:00,0.1
2/25/2017 3:00,0
2/25/2017 4:00,0
2/25/2017 5:00,0
2/25/2017 6:00,0.1
2/25/2017 7:00,0
2/25/2017 8:00,0
2/25/2017 9:00,0
2/25/2017 10:00,0
2/25/2017 11:00,0.1
2/25/2017 12:00,0
2/25/2017 13:00,0
2/25/2017 14:00,0
2/25/2017 15:00,0.1
2/25/2017 16:00,0.1
2/25/2017 17:00,0
2/25/2017 18:00,0.3
2/25/2017 19:00,0.1
2/25/2017 20:00,0.1
2/25/2017 21:00,0.1
2/25/2017 22:00,0.1
2/25/2017 23:00,0.1
2/26/2017 0:00,0
2/26/2017 1:00,0.1
2/26/2017 2:00,0
2/26/2017 3:00,0.1
2/26/2017 4:00,0
2/26/2017 5:00,0
2/26/2017 6:00,0.1
2/26/2017 7:00,0
2/26/2017 8:00,0.1
2/26/2017 9:00,0.2
2/26/2017 10:00,0.4
2/26/2017 11:00,0.1
2/26/2017 12:00,0
2/26/2017 13:00,0
2/26/2017 14:00,0.3
2/26/2017 15:00,0
2/26/2017 16:00,0
2/26/2017 17:00,0
2/26/2017 18:00,0
2/26/2017 19:00,0.1
2/26/2017 20:00,0
2/26/2017 21:00,0
2/26/2017 22:00,0.1
2/26/2017 23:00,0
2/27/2017 0:00,0
2/27/2017 1:00,0
2/27/2017 2:00,0.1
2/27/2017 3:00,0
2/27/2017 4:00,0
2/27/2017 5:00,0
2/27/2017 6:00,0.1
2/27/2017 7:00,0.2
2/27/2017 8:00,0
2/27/2017 9:00,0
2/27/2017 10:00,0
2/27/2017 11:00,0.1
2/27/2017 12:00,0.1
2/27/2017 13:00,0
2/27/2017 14:00,0.1
2/27/2017 15:00,0
2/27/2017 16:00,0
2/27/2017 17:00,0
2/27/2017 18:00,0
2/27/2017 19:00,0
2/27/2017 20:00,0
2/27/2017 21:00,0.1
2/27/2017 22:00,0.1
2/27/2017 23:00,0
2/28/2017 0:00,0
2/28/2017 1:00,0
2/28/2017 2:00,0
2/28/2017 3:00,0
2/28/2017 4:00,0
2/28/2017 5:00,0
2/28/2017 6:00,0.2
2/28/2017 7:00,0.2
2/28/2017 8:00,0.2
2/28/2017 9:00,0
2/28/2017 10:00,0
2/28/2017 11:00,0.1
2/28/2017 12:00,0.1
2/28/2017 13:00,0
2/28/2017 14:00,0.1
2/28/2017 15:00,0
2/28/2017 16:00,0.1
2/28/2017 17:00,0.1
2/28/2017 18:00,0
2/28/2017 19:00,0.5
2/28/2017 20:00,0
2/28/2017 21:00,0
2/28/2017 22:00,0.1
2/28/2017 23:00,0
3/1/2017 0:00,0
3/1/2017 1:00,0.1
3/1/2017 2:00,0
3/1/2017 3:00,0
3/1/2017 4:00,0
3/1/2017 5:00,0
3/1/2017 6:00,0.1
3/1/2017 7:00,0.2
3/1/2017 8:00,0
3/1/2017 9:00,0.1
3/1/2017 10:00,0
3/1/2017 11:00,0.3
3/1/2017 12:00,0
3/1/2017 13:00,0.1
3/1/2017 14:00,0
3/1/2017 15:00,0
3/1/2017 16:00,0
3/1/2017 17:00,0.1
3/1/2017 18:00,0
3/1/2017 19:00,0.4
3/1/2017 20:00,0
3/1/2017 21:00,0
3/1/2017 22:00,0.1
3/1/2017 23:00,0
3/2/2017 0:00,0
3/2/2017 1:00,0
3/2/2017 2:00,0
3/2/2017 3:00,0
3/2/2017 4:00,0.1
3/2/2017 5:00,0
3/2/2017 6:00,0
3/2/2017 7:00,0.3
3/2/2017 8:00,0
3/2/2017 9:00,0
3/2/2017 10:00,0
3/2/2017 11:00,0.1
3/2/2017 12:00,0.1
3/2/2017 13:00,0
3/2/2017 14:00,0
3/2/2017 15:00,0.1
3/2/2017 16:00,0
3/2/2017 17:00,0
3/2/2017 18:00,0
3/2/2017 19:00,0
3/2/2017 20:00,0
3/2/2017 21:00,0.1
3/2/2017 22:00,0
3/2/2017 23:00,0.1
3/3/2017 0:00,0
3/3/2017 1:00,0
3/3/2017 2:00,0
3/3/2017 3:00,0.1
3/3/2017 4:00,0
3/3/2017 5:00,0
3/3/2017 6:00,0.3
3/3/2017 7:00,0
3/3/2017 8:00,0
3/3/2017 9:00,0.1
3/3/2017 10:00,0
3/3/2017 11:00,0.1
3/3/2017 12:00,0
3/3/2017 13:00,0
3/3/2017 14:00,0.1
3/3/2017 15:00,0.1
3/3/2017 16:00,0
3/3/2017 17:00,0
3/3/2017 18:00,0.5
3/3/2017 19:00,0
3/3/2017 20:00,0
3/3/2017 21:00,0.1
3/3/2017 22:00,0
3/3/2017 23:00,0
3/4/2017 0:00,0
3/4/2017 1:00,0
3/4/2017 2:00,0
3/4/2017 3:00,0
3/4/2017 4:00,0
3/4/2017 5:00,0
3/4/2017 6:00,0
3/4/2017 7:00,0
3/4/2017 8:00,0.1
3/4/2017 9:00,0
3/4/2017 10:00,0
3/4/2017 11:00,0
3/4/2017 12:00,0.3
3/4/2017 13:00,0
3/4/2017 14:00,0.1
3/4/2017 15:00,0
3/4/2017 16:00,0.4
3/4/2017 17:00,0.1
3/4/2017 18:00,0
3/4/2017 19:00,0
3/4/2017 20:00,0.1
3/4/2017 21:00,0
3/4/2017 22:00,0
3/4/2017 23:00,0
3/5/2017 0:00,0
3/5/2017 1:00,0.1
3/5/2017 2:00,0.1
3/5/2017 3:00,0
3/5/2017 4:00,0
3/5/2017 5:00,0
3/5/2017 6:00,0
3/5/2017 7:00,0
3/5/2017 8:00,0
3/5/2017 9:00,0.1
3/5/2017 10:00,0.1
3/5/2017 11:00,0
3/5/2017 12:00,0
3/5/2017 13:00,0.1
3/5/2017 14:00,0
3/5/2017 15:00,0.2
3/5/2017 16:00,0.2
3/5/2017 17:00,0.1
3/5/2017 18:00,0
3/5/2017 19:00,0.1
3/5/2017 20:00,0.1
3/5/2017 21:00,0
3/5/2017 22:00,0.2
3/5/2017 23:00,0
3/6/2017 0:00,0.1
3/6/2017 1:00,0
3/6/2017 2:00,0.1
3/6/2017 3:00,0
3/6/2017 4:00,0.1
3/6/2017 5:00,0.1
3/6/2017 6:00,0
3/6/2017 7:00,0.5
3/6/2017 8:00,0.3
3/6/2017 9:00,0
3/6/2017 10:00,0.1
3/6/2017 11:00,0.1
3/6/2017 12:00,0.1
3/6/2017 13:00,0
3/6/2017 14:00,0.1
3/6/2017 15:00,0.1
3/6/2017 16:00,0.1
3/6/2017 17:00,0
3/6/2017 18:00,0
3/6/2017 19:00,0
3/6/2017 20:00,0.1
3/6/2017 21:00,0.4
3/6/2017 22:00,0.1
3/6/2017 23:00,0
3/7/2017 0:00,0
3/7/2017 1:00,0
3/7/2017 2:00,0.1
3/7/2017 3:00,0
3/7/2017 4:00,0
3/7/2017 5:00,0
3/7/2017 6:00,0.1
3/7/2017 7:00,0.2
3/7/2017 8:00,0.1
3/7/2017 9:00,0
3/7/2017 10:00,0
3/7/2017 11:00,0.2
3/7/2017 12:00,0
3/7/2017 13:00,0.1
3/7/2017 14:00,0
3/7/2017 15:00,0
3/7/2017 16:00,0
3/7/2017 17:00,0
3/7/2017 18:00,0
3/7/2017 19:00,0
3/7/2017 20:00,0
3/7/2017 21:00,0
3/7/2017 22:00,0.5
3/7/2017 23:00,0
3/8/2017 0:00,0
3/8/2017 1:00,0
3/8/2017 2:00,0
3/8/2017 3:00,0.1
3/8/2017 4:00,0
3/8/2017 5:00,0
3/8/2017 6:00,0.1
3/8/2017 7:00,0.2
3/8/2017 8:00,0
3/8/2017 9:00,0.1
3/8/2017 10:00,0
3/8/2017 11:00,0.1
3/8/2017 12:00,0
3/8/2017 13:00,0
3/8/2017 14:00,0
3/8/2017 15:00,0
3/8/2017 16:00,0
3/8/2017 17:00,0
3/8/2017 18:00,0
3/8/2017 19:00,0
3/8/2017 20:00,0.4
3/8/2017 21:00,0.3
3/8/2017 22:00,0
3/8/2017 23:00,0
3/9/2017 0:00,0.1
3/9/2017 1:00,0
3/9/2017 2:00,0
3/9/2017 3:00,0.1
3/9/2017 4:00,0
3/9/2017 5:00,0
3/9/2017 6:00,0.1
3/9/2017 7:00,0.2
3/9/2017 8:00,0.1
3/9/2017 9:00,0
3/9/2017 10:00,0
3/9/2017 11:00,0
3/9/2017 12:00,0
3/9/2017 13:00,0
3/9/2017 14:00,0.2
3/9/2017 15:00,0
3/9/2017 16:00,0
3/9/2017 17:00,0
3/9/2017 18:00,0
3/9/2017 19:00,0
3/9/2017 20:00,0
3/9/2017 21:00,0
3/9/2017 22:00,0
3/9/2017 23:00,0.1
3/10/2017 0:00,0
3/10/2017 1:00,0
3/10/2017 2:00,0
3/10/2017 3:00,0
3/10/2017 4:00,0
3/10/2017 5:00,0
3/10/2017 6:00,0.3
3/10/2017 7:00,0
3/10/2017 8:00,0
3/10/2017 9:00,0
3/10/2017 10:00,0
3/10/2017 11:00,0
3/10/2017 12:00,0
3/10/2017 13:00,0.3
3/10/2017 14:00,0
3/10/2017 15:00,0
3/10/2017 16:00,0
3/10/2017 17:00,0
3/10/2017 18:00,0
3/10/2017 19:00,0
3/10/2017 20:00,0
3/10/2017 21:00,0
3/10/2017 22:00,0
3/10/2017 23:00,0
3/11/2017 0:00,0
3/11/2017 1:00,0
3/11/2017 2:00,0
3/11/2017 3:00,0
3/11/2017 4:00,0
3/11/2017 5:00,0
3/11/2017 6:00,0
3/11/2017 7:00,0
3/11/2017 8:00,0
3/11/2017 9:00,0
3/11/2017 10:00,0
3/11/2017 11:00,0
3/11/2017 12:00,0
3/11/2017 13:00,0
3/11/2017 14:00,0.1
3/11/2017 15:00,0
3/11/2017 16:00,0
3/11/2017 17:00,0
3/11/2017 18:00,0
3/11/2017 19:00,0
3/11/2017 20:00,0
3/11/2017 21:00,0
3/11/2017 22:00,0
3/11/2017 23:00,0
3/12/2017 0:00,0
3/12/2017 1:00,0.1
3/12/2017 3:00,0
3/12/2017 4:00,0
3/12/2017 5:00,0
3/12/2017 6:00,0
3/12/2017 7:00,0
3/12/2017 8:00,0
3/12/2017 9:00,0
3/12/2017 10:00,0
3/12/2017 11:00,0
3/12/2017 12:00,0.2
3/12/2017 13:00,0
3/12/2017 14:00,0
3/12/2017 15:00,0
3/12/2017 16:00,0
3/12/2017 17:00,0.1
3/12/2017 18:00,0
3/12/2017 19:00,0.1
3/12/2017 20:00,0
3/12/2017 21:00,0
3/12/2017 22:00,0
3/12/2017 23:00,0
3/13/2017 0:00,0
3/13/2017 1:00,0
3/13/2017 2:00,0
3/13/2017 3:00,0.1
3/13/2017 4:00,0
3/13/2017 5:00,0
3/13/2017 6:00,0
3/13/2017 7:00,0
3/13/2017 8:00,0
3/13/2017 9:00,0.1
3/13/2017 10:00,0
3/13/2017 11:00,0.1
3/13/2017 12:00,0.1
3/13/2017 13:00,0
3/13/2017 14:00,0.1
3/13/2017 15:00,0
3/13/2017 16:00,0
3/13/2017 17:00,0
3/13/2017 18:00,0
3/13/2017 19:00,0
3/13/2017 20:00,0
3/13/2017 21:00,0
3/13/2017 22:00,0
3/13/2017 23:00,0
3/14/2017 0:00,0
3/14/2017 1:00,0
3/14/2017 2:00,0
3/14/2017 3:00,0
3/14/2017 4:00,0.1
3/14/2017 5:00,0
3/14/2017 6:00,0
3/14/2017 7:00,0
3/14/2017 8:00,0
3/14/2017 9:00,0
3/14/2017 10:00,0
3/14/2017 11:00,0
3/14/2017 12:00,0
3/14/2017 13:00,0
3/14/2017 14:00,0
3/14/2017 15:00,0.1
3/14/2017 16:00,0
3/14/2017 17:00,0
3/14/2017 18:00,0.1
3/14/2017 19:00,0
3/14/2017 20:00,0
3/14/2017 21:00,0
3/14/2017 22:00,0
3/14/2017 23:00,0
3/15/2017 0:00,0
3/15/2017 1:00,0
3/15/2017 2:00,0
3/15/2017 3:00,0
3/15/2017 4:00,0
3/15/2017 5:00,0
3/15/2017 6:00,0
3/15/2017 7:00,0
3/15/2017 8:00,0
3/15/2017 9:00,0
3/15/2017 10:00,0
3/15/2017 11:00,0
3/15/2017 12:00,0
3/15/2017 13:00,0
3/15/2017 14:00,0
3/15/2017 15:00,0.1
3/15/2017 16:00,0
3/15/2017 17:00,0
3/15/2017 18:00,0
3/15/2017 19:00,0.2
3/15/2017 20:00,0
3/15/2017 21:00,0
3/15/2017 22:00,0.1
3/15/2017 23:00,0
3/16/2017 0:00,0
3/16/2017 1:00,0
3/16/2017 2:00,0
3/16/2017 3:00,0
3/16/2017 4:00,0
3/16/2017 5:00,0
3/16/2017 6:00,0
3/16/2017 7:00,0
3/16/2017 8:00,0
3/16/2017 9:00,0.2
3/16/2017 10:00,0
3/16/2017 11:00,0.1
3/16/2017 12:00,0.1
3/16/2017 13:00,0
3/16/2017 14:00,0
3/16/2017 15:00,0.1
3/16/2017 16:00,0
3/16/2017 17:00,0
3/16/2017 18:00,0
3/16/2017 19:00,0.1
3/16/2017 20:00,0
3/16/2017 21:00,0.1
3/16/2017 22:00,0
3/16/2017 23:00,0
3/17/2017 0:00,0
3/17/2017 1:00,0
3/17/2017 2:00,0
3/17/2017 3:00,0
3/17/2017 4:00,0
3/17/2017 5:00,0
3/17/2017 6:00,0
3/17/2017 7:00,0
3/17/2017 8:00,0.1
3/17/2017 9:00,0
3/17/2017 10:00,0.2
3/17/2017 11:00,0
3/17/2017 12:00,0
3/17/2017 13:00,0
3/17/2017 14:00,0
3/17/2017 15:00,0
3/17/2017 16:00,0
3/17/2017 17:00,0
3/17/2017 18:00,0
3/17/2017 19:00,0
3/17/2017 20:00,0.1
3/17/2017 21:00,0
3/17/2017 22:00,0
3/17/2017 23:00,0.1
3/18/2017 0:00,0
3/18/2017 1:00,0
3/18/2017 2:00,0
3/18/2017 3:00,0
3/18/2017 4:00,0
3/18/2017 5:00,0.1
3/18/2017 6:00,0
3/18/2017 7:00,0
3/18/2017 8:00,0
3/18/2017 9:00,0
3/18/2017 10:00,0
3/18/2017 11:00,0
3/18/2017 12:00,0.1
3/18/2017 13:00,0
3/18/2017 14:00,0
3/18/2017 15:00,0
3/18/2017 16:00,0
3/18/2017 17:00,0
3/18/2017 18:00,0
3/18/2017 19:00,0.1
3/18/2017 20:00,0
3/18/2017 21:00,0.1
3/18/2017 22:00,0.1
3/18/2017 23:00,0
3/19/2017 0:00,0
3/19/2017 1:00,0
3/19/2017 2:00,0.3
3/19/2017 3:00,0
3/19/2017 4:00,0
3/19/2017 5:00,0.1
3/19/2017 6:00,0
3/19/2017 7:00,0
3/19/2017 8:00,0
3/19/2017 9:00,0
3/19/2017 10:00,0
3/19/2017 11:00,0
3/19/2017 12:00,0.5
3/19/2017 13:00,0
3/19/2017 14:00,0.2
3/19/2017 15:00,0.1
3/19/2017 16:00,0
3/19/2017 17:00,0
3/19/2017 18:00,0.8
3/19/2017 19:00,0
3/19/2017 20:00,0.1
3/19/2017 21:00,0
3/19/2017 22:00,0.5
3/19/2017 23:00,0.4
3/20/2017 0:00,0.1
3/20/2017 1:00,0
3/20/2017 2:00,0
3/20/2017 3:00,0
3/20/2017 4:00,0
3/20/2017 5:00,0
3/20/2017 6:00,0.2
3/20/2017 7:00,0.1
3/20/2017 8:00,0.2
3/20/2017 9:00,0.1
3/20/2017 10:00,0
3/20/2017 11:00,0.1
3/20/2017 12:00,0.1
3/20/2017 13:00,0.1
3/20/2017 14:00,0
3/20/2017 15:00,0
3/20/2017 16:00,0
3/20/2017 17:00,0
3/20/2017 18:00,0
3/20/2017 19:00,0
3/20/2017 20:00,0.1
3/20/2017 21:00,0.2
3/20/2017 22:00,0.3
3/20/2017 23:00,0.1
3/21/2017 0:00,0
3/21/2017 1:00,0
3/21/2017 2:00,0.1
3/21/2017 3:00,0
3/21/2017 4:00,0
3/21/2017 5:00,0
3/21/2017 6:00,0.1
3/21/2017 7:00,0.2
3/21/2017 8:00,0
3/21/2017 9:00,0.1
3/21/2017 10:00,0
3/21/2017 11:00,0
3/21/2017 12:00,0.1
3/21/2017 13:00,0.1
3/21/2017 14:00,0
3/21/2017 15:00,0
3/21/2017 16:00,0
3/21/2017 17:00,0
3/21/2017 18:00,0
3/21/2017 19:00,0
3/21/2017 20:00,0.1
3/21/2017 21:00,0
3/21/2017 22:00,0.3
3/21/2017 23:00,0.1
3/22/2017 0:00,0.1
3/22/2017 1:00,0
3/22/2017 2:00,0
3/22/2017 3:00,0
3/22/2017 4:00,0
3/22/2017 5:00,0
3/22/2017 6:00,0.3
3/22/2017 7:00,0
3/22/2017 8:00,0
3/22/2017 9:00,0
3/22/2017 10:00,0
3/22/2017 11:00,0
3/22/2017 12:00,0.1
3/22/2017 13:00,0
3/22/2017 14:00,0
3/22/2017 15:00,0
3/22/2017 16:00,0
3/22/2017 17:00,0
3/22/2017 18:00,0
3/22/2017 19:00,0
3/22/2017 20:00,1.3
3/22/2017 21:00,0
3/22/2017 22:00,0.1
3/22/2017 23:00,0
3/23/2017 0:00,0
3/23/2017 1:00,0
3/23/2017 2:00,0
3/23/2017 3:00,0
3/23/2017 4:00,0
3/23/2017 5:00,0
3/23/2017 6:00,0.1
3/23/2017 7:00,0.2
3/23/2017 8:00,0
3/23/2017 9:00,0
3/23/2017 10:00,0
3/23/2017 11:00,0.1
3/23/2017 12:00,0
3/23/2017 13:00,0
3/23/2017 14:00,0
3/23/2017 15:00,0
3/23/2017 16:00,0.6
3/23/2017 17:00,0
3/23/2017 18:00,0
3/23/2017 19:00,0
3/23/2017 20:00,0.1
3/23/2017 21:00,0
3/23/2017 22:00,0
3/23/2017 23:00,0
3/24/2017 0:00,0
3/24/2017 1:00,0
3/24/2017 2:00,0.1
3/24/2017 3:00,0
3/24/2017 4:00,0
3/24/2017 5:00,0
3/24/2017 6:00,0.2
3/24/2017 7:00,0.1
3/24/2017 8:00,0
3/24/2017 9:00,0
3/24/2017 10:00,0
3/24/2017 11:00,0
3/24/2017 12:00,0
3/24/2017 13:00,0
3/24/2017 14:00,0
3/24/2017 15:00,0.1
3/24/2017 16:00,0
3/24/2017 17:00,0
3/24/2017 18:00,0
3/24/2017 19:00,0
3/24/2017 20:00,0
3/24/2017 21:00,0.1
3/24/2017 22:00,0
3/24/2017 23:00,0
3/25/2017 0:00,0
3/25/2017 1:00,0
3/25/2017 2:00,0
3/25/2017 3:00,0
3/25/2017 4:00,0.1
3/25/2017 5:00,0
3/25/2017 6:00,0
3/25/2017 7:00,0
3/25/2017 8:00,0
3/25/2017 9:00,0
3/25/2017 10:00,0.3
3/25/2017 11:00,0
3/25/2017 12:00,0
3/25/2017 13:00,0
3/25/2017 14:00,0
3/25/2017 15:00,0.5
3/25/2017 16:00,0
3/25/2017 17:00,0
3/25/2017 18:00,0.1
3/25/2017 19:00,0.7
3/25/2017 20:00,0
3/25/2017 21:00,0
3/25/2017 22:00,0.1
3/25/2017 23:00,0
3/26/2017 0:00,0
3/26/2017 1:00,0
3/26/2017 2:00,0.1
3/26/2017 3:00,0
3/26/2017 4:00,0
3/26/2017 5:00,0
3/26/2017 6:00,0
3/26/2017 7:00,0
3/26/2017 8:00,0
3/26/2017 9:00,0.1
3/26/2017 10:00,0.2
3/26/2017 11:00,0.6
3/26/2017 12:00,0
3/26/2017 13:00,0
3/26/2017 14:00,0.1
3/26/2017 15:00,0
3/26/2017 16:00,0.3
3/26/2017 17:00,0
3/26/2017 18:00,0
3/26/2017 19:00,0.5
3/26/2017 20:00,0
3/26/2017 21:00,0
3/26/2017 22:00,0
3/26/2017 23:00,0.1
3/27/2017 0:00,0
3/27/2017 1:00,0
3/27/2017 2:00,0
3/27/2017 3:00,0
3/27/2017 4:00,0
3/27/2017 5:00,0
3/27/2017 6:00,0.1
3/27/2017 7:00,0.3
3/27/2017 8:00,0.2
3/27/2017 9:00,0
3/27/2017 10:00,0
3/27/2017 11:00,0
3/27/2017 12:00,0
3/27/2017 13:00,0
3/27/2017 14:00,0
3/27/2017 15:00,0
3/27/2017 16:00,0
3/27/2017 17:00,0
3/27/2017 18:00,0
3/27/2017 19:00,0
3/27/2017 20:00,0
3/27/2017 21:00,0.1
3/27/2017 22:00,0
3/27/2017 23:00,0
3/28/2017 0:00,0
3/28/2017 1:00,0.1
3/28/2017 2:00,0
3/28/2017 3:00,0
3/28/2017 4:00,0
3/28/2017 5:00,0
3/28/2017 6:00,0.3
3/28/2017 7:00,0
3/28/2017 8:00,0
3/28/2017 9:00,0.1
3/28/2017 10:00,0
3/28/2017 11:00,0.1
3/28/2017 12:00,0.1
3/28/2017 13:00,0.1
3/28/2017 14:00,0
3/28/2017 15:00,0
3/28/2017 16:00,0
3/28/2017 17:00,0
3/28/2017 18:00,0
3/28/2017 19:00,0
3/28/2017 20:00,0
3/28/2017 21:00,0
3/28/2017 22:00,0
3/28/2017 23:00,0.1
3/29/2017 0:00,0
3/29/2017 1:00,0
3/29/2017 2:00,0
3/29/2017 3:00,0.1
3/29/2017 4:00,0
3/29/2017 5:00,0
3/29/2017 6:00,0.1
3/29/2017 7:00,0.2
3/29/2017 8:00,0
3/29/2017 9:00,0
3/29/2017 10:00,0
3/29/2017 11:00,0
3/29/2017 12:00,0
3/29/2017 13:00,0
3/29/2017 14:00,0
3/29/2017 15:00,0
3/29/2017 16:00,0
3/29/2017 17:00,0
3/29/2017 18:00,0
3/29/2017 19:00,0.1
3/29/2017 20:00,0.1
3/29/2017 21:00,0
3/29/2017 22:00,0.1
3/29/2017 23:00,0
3/30/2017 0:00,0
3/30/2017 1:00,0
3/30/2017 2:00,0.1
3/30/2017 3:00,0
3/30/2017 4:00,0
3/30/2017 5:00,0
3/30/2017 6:00,0
3/30/2017 7:00,0.3
3/30/2017 8:00,0
3/30/2017 9:00,0
3/30/2017 10:00,0.1
3/30/2017 11:00,0
3/30/2017 12:00,0
3/30/2017 13:00,0
3/30/2017 14:00,0
3/30/2017 15:00,0.1
3/30/2017 16:00,0
3/30/2017 17:00,0
3/30/2017 18:00,0.1
3/30/2017 19:00,0.4
3/30/2017 20:00,0
3/30/2017 21:00,0.1
3/30/2017 22:00,0
3/30/2017 23:00,0.1
3/31/2017 0:00,0
3/31/2017 1:00,0
3/31/2017 2:00,0.1
3/31/2017 3:00,0
3/31/2017 4:00,0
3/31/2017 5:00,0
3/31/2017 6:00,0.3
3/31/2017 7:00,0.1
3/31/2017 8:00,0
3/31/2017 9:00,0
3/31/2017 10:00,0
3/31/2017 11:00,0
3/31/2017 12:00,0
3/31/2017 13:00,0
3/31/2017 14:00,0
3/31/2017 15:00,0
3/31/2017 16:00,0
3/31/2017 17:00,0.1
3/31/2017 18:00,0
3/31/2017 19:00,0
3/31/2017 20:00,0
3/31/2017 21:00,0
3/31/2017 22:00,0
3/31/2017 23:00,0
4/1/2017 0:00,0
4/1/2017 1:00,0
4/1/2017 2:00,0
4/1/2017 3:00,0
4/1/2017 4:00,0
4/1/2017 5:00,0
4/1/2017 6:00,0
4/1/2017 7:00,0
4/1/2017 8:00,0
4/1/2017 9:00,0
4/1/2017 10:00,0
4/1/2017 11:00,0
4/1/2017 12:00,0
4/1/2017 13:00,0
4/1/2017 14:00,0
4/1/2017 15:00,0.1
4/1/2017 16:00,0
4/1/2017 17:00,0
4/1/2017 18:00,0.1
4/1/2017 19:00,0.2
4/1/2017 20:00,0
4/1/2017 21:00,0
4/1/2017 22:00,0
4/1/2017 23:00,0
4/2/2017 0:00,0
4/2/2017 1:00,0
4/2/2017 2:00,0
4/2/2017 3:00,0
4/2/2017 4:00,0
4/2/2017 5:00,0
4/2/2017 6:00,0
4/2/2017 7:00,0
4/2/2017 8:00,0
4/2/2017 9:00,0
4/2/2017 10:00,0
4/2/2017 11:00,0
4/2/2017 12:00,0
4/2/2017 13:00,0
4/2/2017 14:00,0
4/2/2017 15:00,0
4/2/2017 16:00,0
4/2/2017 17:00,0
4/2/2017 18:00,0
4/2/2017 19:00,0.5
4/2/2017 20:00,0
4/2/2017 21:00,0
4/2/2017 22:00,0.5
4/2/2017 23:00,0
4/3/2017 0:00,0.1
4/3/2017 1:00,0
4/3/2017 2:00,0
4/3/2017 3:00,0
4/3/2017 4:00,0
4/3/2017 5:00,0
4/3/2017 6:00,0.1
4/3/2017 7:00,0.2
4/3/2017 8:00,0
4/3/2017 9:00,0
4/3/2017 10:00,0
4/3/2017 11:00,0
4/3/2017 12:00,0
4/3/2017 13:00,0.2
4/3/2017 14:00,0.3
4/3/2017 15:00,0
4/3/2017 16:00,0
4/3/2017 17:00,0
4/3/2017 18:00,0
4/3/2017 19:00,0
4/3/2017 20:00,0
4/3/2017 21:00,0.5
4/3/2017 22:00,0
4/3/2017 23:00,0
4/4/2017 0:00,0
4/4/2017 1:00,0
4/4/2017 2:00,0
4/4/2017 3:00,0.1
4/4/2017 4:00,0
4/4/2017 5:00,0
4/4/2017 6:00,0.3
4/4/2017 7:00,0
4/4/2017 8:00,0
4/4/2017 9:00,0
4/4/2017 10:00,0
4/4/2017 11:00,0
4/4/2017 12:00,0
4/4/2017 13:00,0.1
4/4/2017 14:00,0
4/4/2017 15:00,0
4/4/2017 16:00,0
4/4/2017 17:00,0
4/4/2017 18:00,0.1
4/4/2017 19:00,0
4/4/2017 20:00,0
4/4/2017 21:00,0
4/4/2017 22:00,0
4/4/2017 23:00,0.1
4/5/2017 0:00,0
4/5/2017 1:00,0
4/5/2017 2:00,0
4/5/2017 3:00,0
4/5/2017 4:00,0
4/5/2017 5:00,0
4/5/2017 6:00,0.3
4/5/2017 7:00,0
4/5/2017 8:00,0
4/5/2017 9:00,0
4/5/2017 10:00,0
4/5/2017 11:00,0.1
4/5/2017 12:00,0
4/5/2017 13:00,0
4/5/2017 14:00,0.1
4/5/2017 15:00,0
4/5/2017 16:00,0
4/5/2017 17:00,0
4/5/2017 18:00,0
4/5/2017 19:00,0.1
4/5/2017 20:00,0
4/5/2017 21:00,0
4/5/2017 22:00,0
4/5/2017 23:00,0.1
4/6/2017 0:00,0
4/6/2017 1:00,0
4/6/2017 2:00,0
4/6/2017 3:00,0
4/6/2017 4:00,0
4/6/2017 5:00,0
4/6/2017 6:00,0.2
4/6/2017 7:00,0.2
4/6/2017 8:00,0.2
4/6/2017 9:00,0.1
4/6/2017 10:00,0
4/6/2017 11:00,0.1
4/6/2017 12:00,0.1
4/6/2017 13:00,0.1
4/6/2017 14:00,0
4/6/2017 15:00,0
4/6/2017 16:00,0
4/6/2017 17:00,0
4/6/2017 18:00,0
4/6/2017 19:00,0.1
4/6/2017 20:00,0
4/6/2017 21:00,0
4/6/2017 22:00,0
4/6/2017 23:00,0
4/7/2017 0:00,0.1
4/7/2017 1:00,0
4/7/2017 2:00,0
4/7/2017 3:00,0
4/7/2017 4:00,0
4/7/2017 5:00,0
4/7/2017 6:00,0.3
4/7/2017 7:00,0
4/7/2017 8:00,0
4/7/2017 9:00,0.1
4/7/2017 10:00,0.1
4/7/2017 11:00,0
4/7/2017 12:00,0
4/7/2017 13:00,0
4/7/2017 14:00,0
4/7/2017 15:00,0
4/7/2017 16:00,0.1
4/7/2017 17:00,0
4/7/2017 18:00,0.1
4/7/2017 19:00,0
4/7/2017 20:00,0
4/7/2017 21:00,0.1
4/7/2017 22:00,0.1
4/7/2017 23:00,0.1
4/8/2017 0:00,0.1
4/8/2017 1:00,0
4/8/2017 2:00,0
4/8/2017 3:00,0
4/8/2017 4:00,0.1
4/8/2017 5:00,0
4/8/2017 6:00,0
4/8/2017 7:00,0.1
4/8/2017 8:00,0
4/8/2017 9:00,0.1
4/8/2017 10:00,0
4/8/2017 11:00,0
4/8/2017 12:00,0.9
4/8/2017 13:00,0
4/8/2017 14:00,0
4/8/2017 15:00,0
4/8/2017 16:00,0.3
4/8/2017 17:00,0
4/8/2017 18:00,0.1
4/8/2017 19:00,0.2
4/8/2017 20:00,0.1
4/8/2017 21:00,0
4/8/2017 22:00,0.2
4/8/2017 23:00,0
4/9/2017 0:00,0
4/9/2017 1:00,0.1
4/9/2017 2:00,0
4/9/2017 3:00,0
4/9/2017 4:00,0
4/9/2017 5:00,0
4/9/2017 6:00,0
4/9/2017 7:00,0
4/9/2017 8:00,0
4/9/2017 9:00,0.1
4/9/2017 10:00,0.2
4/9/2017 11:00,0.3
4/9/2017 12:00,0
4/9/2017 13:00,0
4/9/2017 14:00,0
4/9/2017 15:00,0.1
4/9/2017 16:00,0
4/9/2017 17:00,0.1
4/9/2017 18:00,0
4/9/2017 19:00,0.4
4/9/2017 20:00,0
4/9/2017 21:00,0
4/9/2017 22:00,0
4/9/2017 23:00,0.1
4/10/2017 0:00,0
4/10/2017 1:00,0
4/10/2017 2:00,0
4/10/2017 3:00,0
4/10/2017 4:00,0
4/10/2017 5:00,0
4/10/2017 6:00,0.2
4/10/2017 7:00,0.2
4/10/2017 8:00,0
4/10/2017 9:00,0
4/10/2017 10:00,0
4/10/2017 11:00,0
4/10/2017 12:00,0
4/10/2017 13:00,0
4/10/2017 14:00,0
4/10/2017 15:00,0.1
4/10/2017 16:00,0.1
4/10/2017 17:00,0.1
4/10/2017 18:00,0
4/10/2017 19:00,0.5
4/10/2017 20:00,0
4/10/2017 21:00,0.1
4/10/2017 22:00,0
4/10/2017 23:00,0.1
4/11/2017 0:00,0
4/11/2017 1:00,0
4/11/2017 2:00,0
4/11/2017 3:00,0
4/11/2017 4:00,0
4/11/2017 5:00,0
4/11/2017 6:00,0.1
4/11/2017 7:00,0.2
4/11/2017 8:00,0.3
4/11/2017 9:00,0.1
4/11/2017 10:00,0
4/11/2017 11:00,0
4/11/2017 12:00,0
4/11/2017 13:00,0
4/11/2017 14:00,0
4/11/2017 15:00,0
4/11/2017 16:00,0.1
4/11/2017 17:00,0
4/11/2017 18:00,0
4/11/2017 19:00,0
4/11/2017 20:00,0
4/11/2017 21:00,0.1
4/11/2017 22:00,0.1
4/11/2017 23:00,0.1
4/12/2017 0:00,0
4/12/2017 1:00,0
4/12/2017 2:00,0.1
4/12/2017 3:00,0
4/12/2017 4:00,0
4/12/2017 5:00,0
4/12/2017 6:00,0.1
4/12/2017 7:00,0.4
4/12/2017 8:00,0.3
4/12/2017 9:00,0
4/12/2017 10:00,0
4/12/2017 11:00,0.2
4/12/2017 12:00,0
4/12/2017 13:00,0.1
4/12/2017 14:00,0.1
4/12/2017 15:00,0
4/12/2017 16:00,0
4/12/2017 17:00,0
4/12/2017 18:00,0
4/12/2017 19:00,0.5
4/12/2017 20:00,0
4/12/2017 21:00,0
4/12/2017 22:00,0
4/12/2017 23:00,0
4/13/2017 0:00,0.1
4/13/2017 1:00,0
4/13/2017 2:00,0
4/13/2017 3:00,0
4/13/2017 4:00,0
4/13/2017 5:00,0
4/13/2017 6:00,0
4/13/2017 7:00,0.2
4/13/2017 8:00,0.1
4/13/2017 9:00,0
4/13/2017 10:00,0
4/13/2017 11:00,0
4/13/2017 12:00,0
4/13/2017 13:00,0
4/13/2017 14:00,0
4/13/2017 15:00,0
4/13/2017 16:00,0
4/13/2017 17:00,0
4/13/2017 18:00,0
4/13/2017 19:00,0
4/13/2017 20:00,0
4/13/2017 21:00,0
4/13/2017 22:00,0
4/13/2017 23:00,0.1
4/14/2017 0:00,0
4/14/2017 1:00,0
4/14/2017 2:00,0
4/14/2017 3:00,0
4/14/2017 4:00,0.1
4/14/2017 5:00,0
4/14/2017 6:00,0
4/14/2017 7:00,0
4/14/2017 8:00,0.1
4/14/2017 9:00,0.1
4/14/2017 10:00,0
4/14/2017 11:00,0.5
4/14/2017 12:00,0
4/14/2017 13:00,0.1
4/14/2017 14:00,0.1
4/14/2017 15:00,0
4/14/2017 16:00,0
4/14/2017 17:00,0.1
4/14/2017 18:00,0
4/14/2017 19:00,0
4/14/2017 20:00,0
4/14/2017 21:00,0.1
4/14/2017 22:00,0
4/14/2017 23:00,0
4/15/2017 0:00,0.1
4/15/2017 1:00,0
4/15/2017 2:00,0.1
4/15/2017 3:00,0
4/15/2017 4:00,0
4/15/2017 5:00,0
4/15/2017 6:00,0.1
4/15/2017 7:00,0
4/15/2017 8:00,0
4/15/2017 9:00,0.1
4/15/2017 10:00,0
4/15/2017 11:00,0.3
4/15/2017 12:00,0.4
4/15/2017 13:00,0
4/15/2017 14:00,0.4
4/15/2017 15:00,0.1
4/15/2017 16:00,0
4/15/2017 17:00,0
4/15/2017 18:00,0.5
4/15/2017 19:00,0
4/15/2017 20:00,0
4/15/2017 21:00,0.1
4/15/2017 22:00,0
4/15/2017 23:00,0
4/16/2017 0:00,0.2
4/16/2017 1:00,0.1
4/16/2017 2:00,0
4/16/2017 3:00,0.1
4/16/2017 4:00,0
4/16/2017 5:00,0
4/16/2017 6:00,0
4/16/2017 7:00,0
4/16/2017 8:00,0
4/16/2017 9:00,0
4/16/2017 10:00,0.1
4/16/2017 11:00,0.2
4/16/2017 12:00,0
4/16/2017 13:00,0
4/16/2017 14:00,0
4/16/2017 15:00,0
4/16/2017 16:00,0
4/16/2017 17:00,0
4/16/2017 18:00,0.1
4/16/2017 19:00,0.1
4/16/2017 20:00,0
4/16/2017 21:00,0.3
4/16/2017 22:00,0.1
4/16/2017 23:00,0.1
4/17/2017 0:00,0
4/17/2017 1:00,0
4/17/2017 2:00,0
4/17/2017 3:00,0
4/17/2017 4:00,0
4/17/2017 5:00,0
4/17/2017 6:00,0
4/17/2017 7:00,0
4/17/2017 8:00,0.1
4/17/2017 9:00,0.2
4/17/2017 10:00,0.5
4/17/2017 11:00,0
4/17/2017 12:00,0.2
4/17/2017 13:00,0
4/17/2017 14:00,0
4/17/2017 15:00,0
4/17/2017 16:00,0
4/17/2017 17:00,0.3
4/17/2017 18:00,0
4/17/2017 19:00,0
4/17/2017 20:00,0
4/17/2017 21:00,0.1
4/17/2017 22:00,0
4/17/2017 23:00,0
4/18/2017 0:00,0.1
4/18/2017 1:00,0
4/18/2017 2:00,0
4/18/2017 3:00,0
4/18/2017 4:00,0
4/18/2017 5:00,0
4/18/2017 6:00,0.1
4/18/2017 7:00,0.2
4/18/2017 8:00,0
4/18/2017 9:00,0
4/18/2017 10:00,0
4/18/2017 11:00,0.1
4/18/2017 12:00,0
4/18/2017 13:00,0
4/18/2017 14:00,0.1
4/18/2017 15:00,0.1
4/18/2017 16:00,0.1
4/18/2017 17:00,0
4/18/2017 18:00,0.1
4/18/2017 19:00,0
4/18/2017 20:00,0
4/18/2017 21:00,0
4/18/2017 22:00,0.1
4/18/2017 23:00,0.1
4/19/2017 0:00,0
4/19/2017 1:00,0.1
4/19/2017 2:00,0
4/19/2017 3:00,0.1
4/19/2017 4:00,0
4/19/2017 5:00,0
4/19/2017 6:00,0.1
4/19/2017 7:00,0.2
4/19/2017 8:00,0
4/19/2017 9:00,0.2
4/19/2017 10:00,0
4/19/2017 11:00,0
4/19/2017 12:00,0
4/19/2017 13:00,0.1
4/19/2017 14:00,0
4/19/2017 15:00,0
4/19/2017 16:00,0.1
4/19/2017 17:00,0
4/19/2017 18:00,0
4/19/2017 19:00,0
4/19/2017 20:00,0.4
4/19/2017 21:00,0.1
4/19/2017 22:00,0
4/19/2017 23:00,0
4/20/2017 0:00,0.1
4/20/2017 1:00,0
4/20/2017 2:00,0
4/20/2017 3:00,0
4/20/2017 4:00,0
4/20/2017 5:00,0
4/20/2017 6:00,0.1
4/20/2017 7:00,0.2
4/20/2017 8:00,0
4/20/2017 9:00,0
4/20/2017 10:00,0
4/20/2017 11:00,0.1
4/20/2017 12:00,0
4/20/2017 13:00,0
4/20/2017 14:00,0
4/20/2017 15:00,0
4/20/2017 16:00,0.1
4/20/2017 17:00,0
4/20/2017 18:00,0
4/20/2017 19:00,0
4/20/2017 20:00,0
4/20/2017 21:00,0.1
4/20/2017 22:00,0
4/20/2017 23:00,0.1
4/21/2017 0:00,0
4/21/2017 1:00,0
4/21/2017 2:00,0
4/21/2017 3:00,0
4/21/2017 4:00,0
4/21/2017 5:00,0
4/21/2017 6:00,0.3
4/21/2017 7:00,0
4/21/2017 8:00,0
4/21/2017 9:00,0
4/21/2017 10:00,0.2
4/21/2017 11:00,0
4/21/2017 12:00,0.1
4/21/2017 13:00,0
4/21/2017 14:00,0.1
4/21/2017 15:00,0
4/21/2017 16:00,0
4/21/2017 17:00,0
4/21/2017 18:00,0
4/21/2017 19:00,0.1
4/21/2017 20:00,0
4/21/2017 21:00,0
4/21/2017 22:00,0
4/21/2017 23:00,0
4/22/2017 0:00,0
4/22/2017 1:00,0
4/22/2017 2:00,0
4/22/2017 3:00,0
4/22/2017 4:00,0
4/22/2017 5:00,0
4/22/2017 6:00,0
4/22/2017 7:00,0
4/22/2017 8:00,0
4/22/2017 9:00,0
4/22/2017 10:00,0
4/22/2017 11:00,0
4/22/2017 12:00,0.1
4/22/2017 13:00,0
4/22/2017 14:00,0
4/22/2017 15:00,0
4/22/2017 16:00,0
4/22/2017 17:00,0.1
4/22/2017 18:00,0
4/22/2017 19:00,0
4/22/2017 20:00,0
4/22/2017 21:00,0
4/22/2017 22:00,0
4/22/2017 23:00,0
4/23/2017 0:00,0
4/23/2017 1:00,0
4/23/2017 2:00,0
4/23/2017 3:00,0
4/23/2017 4:00,0
4/23/2017 5:00,0
4/23/2017 6:00,0
4/23/2017 7:00,0
4/23/2017 8:00,0.1
4/23/2017 9:00,0
4/23/2017 10:00,0
4/23/2017 11:00,0
4/23/2017 12:00,0
4/23/2017 13:00,0.2
4/23/2017 14:00,0
4/23/2017 15:00,0.1
4/23/2017 16:00,0.1
4/23/2017 17:00,0.1
4/23/2017 18:00,0
4/23/2017 19:00,0
4/23/2017 20:00,0
4/23/2017 21:00,0
4/23/2017 22:00,0.2
4/23/2017 23:00,0
4/24/2017 0:00,0.1
4/24/2017 1:00,0
4/24/2017 2:00,0
4/24/2017 3:00,0
4/24/2017 4:00,0
4/24/2017 5:00,0
4/24/2017 6:00,0.2
4/24/2017 7:00,0.1
4/24/2017 8:00,0
4/24/2017 9:00,0
4/24/2017 10:00,0.1
4/24/2017 11:00,0.3
4/24/2017 12:00,0
4/24/2017 13:00,0.1
4/24/2017 14:00,0
4/24/2017 15:00,0
4/24/2017 16:00,0
4/24/2017 17:00,0
4/24/2017 18:00,0
4/24/2017 19:00,0
4/24/2017 20:00,0.5
4/24/2017 21:00,0
4/24/2017 22:00,0.2
4/24/2017 23:00,0
4/25/2017 0:00,0
4/25/2017 1:00,0
4/25/2017 2:00,0
4/25/2017 3:00,0
4/25/2017 4:00,0
4/25/2017 5:00,0
4/25/2017 6:00,0.1
4/25/2017 7:00,0.2
4/25/2017 8:00,0.1
4/25/2017 9:00,0
4/25/2017 10:00,0.1
4/25/2017 11:00,0
4/25/2017 12:00,0.1
4/25/2017 13:00,0.1
4/25/2017 14:00,0
4/25/2017 15:00,0
4/25/2017 16:00,0
4/25/2017 17:00,0
4/25/2017 18:00,0.1
4/25/2017 19:00,0
4/25/2017 20:00,0.5
4/25/2017 21:00,0
4/25/2017 22:00,0
4/25/2017 23:00,0
4/26/2017 0:00,0.1
4/26/2017 1:00,0
4/26/2017 2:00,0
4/26/2017 3:00,0
4/26/2017 4:00,0
4/26/2017 5:00,0
4/26/2017 6:00,0.2
4/26/2017 7:00,0.4
4/26/2017 8:00,0
4/26/2017 9:00,0
4/26/2017 10:00,0
4/26/2017 11:00,0
4/26/2017 12:00,0.1
4/26/2017 13:00,0
4/26/2017 14:00,0
4/26/2017 15:00,0
4/26/2017 16:00,0
4/26/2017 17:00,0
4/26/2017 18:00,0
4/26/2017 19:00,0.1
4/26/2017 20:00,0.8
4/26/2017 21:00,0
4/26/2017 22:00,0
4/26/2017 23:00,0
4/27/2017 0:00,0.1
4/27/2017 1:00,0
4/27/2017 2:00,0
4/27/2017 3:00,0
4/27/2017 4:00,0
4/27/2017 5:00,0.1
4/27/2017 6:00,0.1
4/27/2017 7:00,0.2
4/27/2017 8:00,0
4/27/2017 9:00,0
4/27/2017 10:00,0
4/27/2017 11:00,0.1
4/27/2017 12:00,0
4/27/2017 13:00,0
4/27/2017 14:00,0
4/27/2017 15:00,0
4/27/2017 16:00,0
4/27/2017 17:00,0.1
4/27/2017 18:00,0
4/27/2017 19:00,0
4/27/2017 20:00,0
4/27/2017 21:00,0.5
4/27/2017 22:00,0
4/27/2017 23:00,0.1
4/28/2017 0:00,0.1
4/28/2017 1:00,0
4/28/2017 2:00,0
4/28/2017 3:00,0
4/28/2017 4:00,0
4/28/2017 5:00,0
4/28/2017 6:00,0.3
4/28/2017 7:00,0
4/28/2017 8:00,0
4/28/2017 9:00,0.1
4/28/2017 10:00,0
4/28/2017 11:00,0
4/28/2017 12:00,0
4/28/2017 13:00,0
4/28/2017 14:00,0
4/28/2017 15:00,0
4/28/2017 16:00,0
4/28/2017 17:00,1.1
4/28/2017 18:00,0.4
4/28/2017 19:00,0
4/28/2017 20:00,0
4/28/2017 21:00,0
4/28/2017 22:00,0.1
4/28/2017 23:00,0
4/29/2017 0:00,0.1
4/29/2017 1:00,0
4/29/2017 2:00,0
4/29/2017 3:00,0
4/29/2017 4:00,0
4/29/2017 5:00,0
4/29/2017 6:00,0
4/29/2017 7:00,0.1
4/29/2017 8:00,0
4/29/2017 9:00,0.2
4/29/2017 10:00,0.1
4/29/2017 11:00,0
4/29/2017 12:00,0
4/29/2017 13:00,0
4/29/2017 14:00,0.5
4/29/2017 15:00,0
4/29/2017 16:00,0
4/29/2017 17:00,0
4/29/2017 18:00,0.1
4/29/2017 19:00,0
4/29/2017 20:00,0
4/29/2017 21:00,0.1
4/29/2017 22:00,0
4/29/2017 23:00,0
4/30/2017 0:00,0
4/30/2017 1:00,0
4/30/2017 2:00,0.1
4/30/2017 3:00,0
4/30/2017 4:00,0
4/30/2017 5:00,0
4/30/2017 6:00,0
4/30/2017 7:00,0
4/30/2017 8:00,0
4/30/2017 9:00,0
4/30/2017 10:00,0.5
4/30/2017 11:00,0
4/30/2017 12:00,0.2
4/30/2017 13:00,0
4/30/2017 14:00,0.1
4/30/2017 15:00,0
4/30/2017 16:00,0
4/30/2017 17:00,0
4/30/2017 18:00,0.1
4/30/2017 19:00,0
4/30/2017 20:00,0.1
4/30/2017 21:00,0
4/30/2017 22:00,0.1
4/30/2017 23:00,0
5/1/2017 0:00,0.1
5/1/2017 1:00,0
5/1/2017 2:00,0
5/1/2017 3:00,0
5/1/2017 4:00,0
5/1/2017 5:00,0
5/1/2017 6:00,0.1
5/1/2017 7:00,0.1
5/1/2017 8:00,0
5/1/2017 9:00,0.1
5/1/2017 10:00,0.1
5/1/2017 11:00,0.1
5/1/2017 12:00,0.1
5/1/2017 13:00,0.1
5/1/2017 14:00,0
5/1/2017 15:00,0.2
5/1/2017 16:00,0.2
5/1/2017 17:00,0
5/1/2017 18:00,0
5/1/2017 19:00,0.5
5/1/2017 20:00,0
5/1/2017 21:00,0
5/1/2017 22:00,0
5/1/2017 23:00,0
5/2/2017 0:00,0.1
5/2/2017 1:00,0
5/2/2017 2:00,0
5/2/2017 3:00,0
5/2/2017 4:00,0
5/2/2017 5:00,0
5/2/2017 6:00,0
5/2/2017 7:00,0
5/2/2017 8:00,0.2
5/2/2017 9:00,0
5/2/2017 10:00,0.1
5/2/2017 11:00,0
5/2/2017 12:00,0
5/2/2017 13:00,0
5/2/2017 14:00,0
5/2/2017 15:00,1.1
5/2/2017 16:00,0
5/2/2017 17:00,0
5/2/2017 18:00,0
5/2/2017 19:00,0
5/2/2017 20:00,0
5/2/2017 21:00,0
5/2/2017 22:00,0.1
5/2/2017 23:00,0
5/3/2017 0:00,0
5/3/2017 1:00,0
5/3/2017 2:00,0
5/3/2017 3:00,0.1
5/3/2017 4:00,0
5/3/2017 5:00,0
5/3/2017 6:00,0.1
5/3/2017 7:00,0.2
5/3/2017 8:00,0.1
5/3/2017 9:00,0.1
5/3/2017 10:00,0
5/3/2017 11:00,0
5/3/2017 12:00,0.2
5/3/2017 13:00,0
5/3/2017 14:00,0.3
5/3/2017 15:00,0.1
5/3/2017 16:00,0
5/3/2017 17:00,0
5/3/2017 18:00,0
5/3/2017 19:00,0
5/3/2017 20:00,0.1
5/3/2017 21:00,0
5/3/2017 22:00,0.1
5/3/2017 23:00,0
5/4/2017 0:00,0
5/4/2017 1:00,0
5/4/2017 2:00,0
5/4/2017 3:00,0
5/4/2017 4:00,0
5/4/2017 5:00,0
5/4/2017 6:00,0.1
5/4/2017 7:00,0.3
5/4/2017 8:00,0.1
5/4/2017 9:00,0.1
5/4/2017 10:00,0.1
5/4/2017 11:00,0
5/4/2017 12:00,0.1
5/4/2017 13:00,0.1
5/4/2017 14:00,0
5/4/2017 15:00,0
5/4/2017 16:00,0
5/4/2017 17:00,0
5/4/2017 18:00,0
5/4/2017 19:00,0
5/4/2017 20:00,0.4
5/4/2017 21:00,0
5/4/2017 22:00,0.5
5/4/2017 23:00,0
5/5/2017 0:00,0
5/5/2017 1:00,0
5/5/2017 2:00,0.1
5/5/2017 3:00,0
5/5/2017 4:00,0
5/5/2017 5:00,0
5/5/2017 6:00,0.3
5/5/2017 7:00,0.1
5/5/2017 8:00,0
5/5/2017 9:00,0
5/5/2017 10:00,0
5/5/2017 11:00,0
5/5/2017 12:00,0.1
5/5/2017 13:00,0
5/5/2017 14:00,2
5/5/2017 15:00,1.1
5/5/2017 16:00,0
5/5/2017 17:00,0
5/5/2017 18:00,0
5/5/2017 19:00,0
5/5/2017 20:00,0
5/5/2017 21:00,0
5/5/2017 22:00,0.2
5/5/2017 23:00,0
5/6/2017 0:00,0
5/6/2017 1:00,0
5/6/2017 2:00,0.1
5/6/2017 3:00,0
5/6/2017 4:00,0
5/6/2017 5:00,0
5/6/2017 6:00,0
5/6/2017 7:00,0
5/6/2017 8:00,0
5/6/2017 9:00,0
5/6/2017 10:00,0.1
5/6/2017 11:00,0.1
5/6/2017 12:00,0
5/6/2017 13:00,0
5/6/2017 14:00,0.2
5/6/2017 15:00,0
5/6/2017 16:00,0
5/6/2017 17:00,0
5/6/2017 18:00,0
5/6/2017 19:00,1.7
5/6/2017 20:00,0
5/6/2017 21:00,0
5/6/2017 22:00,0
5/6/2017 23:00,0
5/7/2017 0:00,0
5/7/2017 1:00,0.1
5/7/2017 2:00,0
5/7/2017 3:00,0
5/7/2017 4:00,0
5/7/2017 5:00,0
5/7/2017 6:00,0
5/7/2017 7:00,0.1
5/7/2017 8:00,0.3
5/7/2017 9:00,0.1
5/7/2017 10:00,0.1
5/7/2017 11:00,0
5/7/2017 12:00,0
5/7/2017 13:00,0
5/7/2017 14:00,0
5/7/2017 15:00,0.1
5/7/2017 16:00,0.5
5/7/2017 17:00,0.1
5/7/2017 18:00,0
5/7/2017 19:00,0.1
5/7/2017 20:00,0
5/7/2017 21:00,0
5/7/2017 22:00,0
5/7/2017 23:00,0.1
5/8/2017 0:00,0
5/8/2017 1:00,0
5/8/2017 2:00,0
5/8/2017 3:00,0
5/8/2017 4:00,0
5/8/2017 5:00,0
5/8/2017 6:00,0.2
5/8/2017 7:00,0
5/8/2017 8:00,0
5/8/2017 9:00,0.1
5/8/2017 10:00,0.2
5/8/2017 11:00,0.1
5/8/2017 12:00,0
5/8/2017 13:00,0
5/8/2017 14:00,0
5/8/2017 15:00,0.1
5/8/2017 16:00,0
5/8/2017 17:00,0
5/8/2017 18:00,0.1
5/8/2017 19:00,1.4
5/8/2017 20:00,0
5/8/2017 21:00,0
5/8/2017 22:00,0
5/8/2017 23:00,0
5/9/2017 0:00,0.1
5/9/2017 1:00,0
5/9/2017 2:00,0
5/9/2017 3:00,0
5/9/2017 4:00,0
5/9/2017 5:00,0
5/9/2017 6:00,0.3
5/9/2017 7:00,0
5/9/2017 8:00,0
5/9/2017 9:00,0
5/9/2017 10:00,0
5/9/2017 11:00,0
5/9/2017 12:00,0
5/9/2017 13:00,0
5/9/2017 14:00,0
5/9/2017 15:00,0.1
5/9/2017 16:00,0
5/9/2017 17:00,0
5/9/2017 18:00,0
5/9/2017 19:00,0
5/9/2017 20:00,0
5/9/2017 21:00,0
5/9/2017 22:00,0.1
5/9/2017 23:00,0
5/10/2017 0:00,0
5/10/2017 1:00,0
5/10/2017 2:00,0
5/10/2017 3:00,0
5/10/2017 4:00,0
5/10/2017 5:00,0
5/10/2017 6:00,0.1
5/10/2017 7:00,0.4
5/10/2017 8:00,0.3
5/10/2017 9:00,0
5/10/2017 10:00,0
5/10/2017 11:00,0.1
5/10/2017 12:00,0.1
5/10/2017 13:00,0.2
5/10/2017 14:00,0.1
5/10/2017 15:00,0
5/10/2017 16:00,0
5/10/2017 17:00,0
5/10/2017 18:00,0
5/10/2017 19:00,0
5/10/2017 20:00,0
5/10/2017 21:00,1.3
5/10/2017 22:00,0
5/10/2017 23:00,0.1
5/11/2017 0:00,0
5/11/2017 1:00,0
5/11/2017 2:00,0
5/11/2017 3:00,0
5/11/2017 4:00,0
5/11/2017 5:00,0
5/11/2017 6:00,0.1
5/11/2017 7:00,0.3
5/11/2017 8:00,0
5/11/2017 9:00,0
5/11/2017 10:00,0.1
5/11/2017 11:00,0
5/11/2017 12:00,0
5/11/2017 13:00,0.1
5/11/2017 14:00,0
5/11/2017 15:00,0.1
5/11/2017 16:00,0
5/11/2017 17:00,0
5/11/2017 18:00,0.1
5/11/2017 19:00,0
5/11/2017 20:00,0.5
5/11/2017 21:00,0.4
5/11/2017 22:00,0.1
5/11/2017 23:00,0
5/12/2017 0:00,0
5/12/2017 1:00,0
5/12/2017 2:00,0
5/12/2017 3:00,0
5/12/2017 4:00,0
5/12/2017 5:00,0
5/12/2017 6:00,0.3
5/12/2017 7:00,0
5/12/2017 8:00,0
5/12/2017 9:00,0.1
5/12/2017 10:00,0
5/12/2017 11:00,0.1
5/12/2017 12:00,0.1
5/12/2017 13:00,0.1
5/12/2017 14:00,0
5/12/2017 15:00,0
5/12/2017 16:00,0
5/12/2017 17:00,0.1
5/12/2017 18:00,0.1
5/12/2017 19:00,0
5/12/2017 20:00,0
5/12/2017 21:00,0
5/12/2017 22:00,0
5/12/2017 23:00,0
5/13/2017 0:00,0
5/13/2017 1:00,0.1
5/13/2017 2:00,0
5/13/2017 3:00,0
5/13/2017 4:00,0
5/13/2017 5:00,0
5/13/2017 6:00,0
5/13/2017 7:00,0.1
5/13/2017 8:00,0
5/13/2017 9:00,0.1
5/13/2017 10:00,0
5/13/2017 11:00,0
5/13/2017 12:00,0.1
5/13/2017 13:00,0.1
5/13/2017 14:00,0
5/13/2017 15:00,0.2
5/13/2017 16:00,0.1
5/13/2017 17:00,0
5/13/2017 18:00,0.2
5/13/2017 19:00,0.1
5/13/2017 20:00,0
5/13/2017 21:00,0.1
5/13/2017 22:00,0
5/13/2017 23:00,0.1
5/14/2017 0:00,0.2
5/14/2017 1:00,0.1
5/14/2017 2:00,0.1
5/14/2017 3:00,0
5/14/2017 4:00,0
5/14/2017 5:00,0
5/14/2017 6:00,0
5/14/2017 7:00,0
5/14/2017 8:00,0
5/14/2017 9:00,0.1
5/14/2017 10:00,0.6
5/14/2017 11:00,0.7
5/14/2017 12:00,0.1
5/14/2017 13:00,0
5/14/2017 14:00,0
5/14/2017 15:00,0.4
5/14/2017 16:00,0
5/14/2017 17:00,0.1
5/14/2017 18:00,1.6
5/14/2017 19:00,0.1
5/14/2017 20:00,0
5/14/2017 21:00,0.1
5/14/2017 22:00,0.1
5/14/2017 23:00,0
5/15/2017 0:00,0
5/15/2017 1:00,0.1
5/15/2017 2:00,0
5/15/2017 3:00,0
5/15/2017 4:00,0
5/15/2017 5:00,0
5/15/2017 6:00,0.1
5/15/2017 7:00,0.2
5/15/2017 8:00,0
5/15/2017 9:00,0.1
5/15/2017 10:00,0.1
5/15/2017 11:00,0.1
5/15/2017 12:00,0.1
5/15/2017 13:00,0.1
5/15/2017 14:00,0
5/15/2017 15:00,0
5/15/2017 16:00,0
5/15/2017 17:00,0
5/15/2017 18:00,0.1
5/15/2017 19:00,0
5/15/2017 20:00,0
5/15/2017 21:00,0
5/15/2017 22:00,0
5/15/2017 23:00,0
5/16/2017 0:00,0.1
5/16/2017 1:00,0
5/16/2017 2:00,0
5/16/2017 3:00,0
5/16/2017 4:00,0
5/16/2017 5:00,0
5/16/2017 6:00,0.1
5/16/2017 7:00,0.1
5/16/2017 8:00,0
5/16/2017 9:00,0
5/16/2017 10:00,0
5/16/2017 11:00,0.1
5/16/2017 12:00,0.1
5/16/2017 13:00,0
5/16/2017 14:00,0.1
5/16/2017 15:00,0
5/16/2017 16:00,0
5/16/2017 17:00,0.1
5/16/2017 18:00,0
5/16/2017 19:00,0
5/16/2017 20:00,0.1
5/16/2017 21:00,0
5/16/2017 22:00,0.1
5/16/2017 23:00,0
5/17/2017 0:00,0.1
5/17/2017 1:00,0
5/17/2017 2:00,0
5/17/2017 3:00,0.1
5/17/2017 4:00,0
5/17/2017 5:00,0
5/17/2017 6:00,0.3
5/17/2017 7:00,0
5/17/2017 8:00,0.3
5/17/2017 9:00,0
5/17/2017 10:00,0.1
5/17/2017 11:00,0.1
5/17/2017 12:00,0.2
5/17/2017 13:00,0
5/17/2017 14:00,0
5/17/2017 15:00,0
5/17/2017 16:00,0
5/17/2017 17:00,0
5/17/2017 18:00,0.1
5/17/2017 19:00,0
5/17/2017 20:00,0
5/17/2017 21:00,0
5/17/2017 22:00,0
5/17/2017 23:00,0.1
5/18/2017 0:00,0.1
5/18/2017 1:00,0.1
5/18/2017 2:00,0
5/18/2017 3:00,0
5/18/2017 4:00,0
5/18/2017 5:00,0
5/18/2017 6:00,0.1
5/18/2017 7:00,0.2
5/18/2017 8:00,0
5/18/2017 9:00,0
5/18/2017 10:00,0
5/18/2017 11:00,0
5/18/2017 12:00,0.2
5/18/2017 13:00,0
5/18/2017 14:00,0.1
5/18/2017 15:00,0
5/18/2017 16:00,0
5/18/2017 17:00,0
5/18/2017 18:00,0
5/18/2017 19:00,0
5/18/2017 20:00,1.4
5/18/2017 21:00,0
5/18/2017 22:00,0.1
5/18/2017 23:00,0
5/19/2017 0:00,0
5/19/2017 1:00,0
5/19/2017 2:00,0
5/19/2017 3:00,0
5/19/2017 4:00,0
5/19/2017 5:00,0
5/19/2017 6:00,0.2
5/19/2017 7:00,0
5/19/2017 8:00,0
5/19/2017 9:00,0
5/19/2017 10:00,0
5/19/2017 11:00,0.1
5/19/2017 12:00,0
5/19/2017 13:00,0
5/19/2017 14:00,0.1
5/19/2017 15:00,0
5/19/2017 16:00,0.1
5/19/2017 17:00,0
5/19/2017 18:00,0.5
5/19/2017 19:00,0
5/19/2017 20:00,0
5/19/2017 21:00,0
5/19/2017 22:00,0
5/19/2017 23:00,0.1
5/20/2017 0:00,0
5/20/2017 1:00,0
5/20/2017 2:00,0
5/20/2017 3:00,0.1
5/20/2017 4:00,0
5/20/2017 5:00,0
5/20/2017 6:00,0
5/20/2017 7:00,0
5/20/2017 8:00,0.1
5/20/2017 9:00,0.3
5/20/2017 10:00,0.2
5/20/2017 11:00,0.1
5/20/2017 12:00,0.3
5/20/2017 13:00,0.1
5/20/2017 14:00,0
5/20/2017 15:00,0
5/20/2017 16:00,0
5/20/2017 17:00,0
5/20/2017 18:00,0.1
5/20/2017 19:00,0
5/20/2017 20:00,0
5/20/2017 21:00,0
5/20/2017 22:00,0.1
5/20/2017 23:00,0
5/21/2017 0:00,0
5/21/2017 1:00,0.1
5/21/2017 2:00,0
5/21/2017 3:00,0
5/21/2017 4:00,0
5/21/2017 5:00,0.1
5/21/2017 6:00,0
5/21/2017 7:00,0
5/21/2017 8:00,0
5/21/2017 9:00,0.1
5/21/2017 10:00,0.5
5/21/2017 11:00,0.1
5/21/2017 12:00,0
5/21/2017 13:00,0.3
5/21/2017 14:00,0
5/21/2017 15:00,0.1
5/21/2017 16:00,0
5/21/2017 17:00,0
5/21/2017 18:00,0.1
5/21/2017 19:00,0.2
5/21/2017 20:00,0
5/21/2017 21:00,0
5/21/2017 22:00,0.1
5/21/2017 23:00,0
5/22/2017 0:00,0
5/22/2017 1:00,0
5/22/2017 2:00,0
5/22/2017 3:00,0.1
5/22/2017 4:00,0
5/22/2017 5:00,0
5/22/2017 6:00,0.1
5/22/2017 7:00,0.2
5/22/2017 8:00,0.1
5/22/2017 9:00,0
5/22/2017 10:00,0.1
5/22/2017 11:00,0.1
5/22/2017 12:00,0.2
5/22/2017 13:00,0.2
5/22/2017 14:00,0.1
5/22/2017 15:00,0.1
5/22/2017 16:00,0
5/22/2017 17:00,0
5/22/2017 18:00,0
5/22/2017 19:00,0
5/22/2017 20:00,0.3
5/22/2017 21:00,0
5/22/2017 22:00,0
5/22/2017 23:00,0
5/23/2017 0:00,0
5/23/2017 1:00,0
5/23/2017 2:00,0
5/23/2017 3:00,0.1
5/23/2017 4:00,0
5/23/2017 5:00,0
5/23/2017 6:00,0.1
5/23/2017 7:00,0.2
5/23/2017 8:00,0
5/23/2017 9:00,0.1
5/23/2017 10:00,0
5/23/2017 11:00,0.1
5/23/2017 12:00,0
5/23/2017 13:00,0.1
5/23/2017 14:00,0.1
5/23/2017 15:00,0
5/23/2017 16:00,0
5/23/2017 17:00,0
5/23/2017 18:00,0
5/23/2017 19:00,0
5/23/2017 20:00,0.3
5/23/2017 21:00,0
5/23/2017 22:00,0
5/23/2017 23:00,0
5/24/2017 0:00,0.1
5/24/2017 1:00,0
5/24/2017 2:00,0
5/24/2017 3:00,0
5/24/2017 4:00,0
5/24/2017 5:00,0
5/24/2017 6:00,0
5/24/2017 7:00,0.2
5/24/2017 8:00,0
5/24/2017 9:00,0
5/24/2017 10:00,0
5/24/2017 11:00,0.1
5/24/2017 12:00,0
5/24/2017 13:00,0.1
5/24/2017 14:00,0
5/24/2017 15:00,0
5/24/2017 16:00,0
5/24/2017 17:00,0
5/24/2017 18:00,0
5/24/2017 19:00,0
5/24/2017 20:00,0.1
5/24/2017 21:00,0.1
5/24/2017 22:00,0
5/24/2017 23:00,0
5/25/2017 0:00,0.1
5/25/2017 1:00,0
5/25/2017 2:00,0
5/25/2017 3:00,0
5/25/2017 4:00,0
5/25/2017 5:00,0
5/25/2017 6:00,0.1
5/25/2017 7:00,0.3
5/25/2017 8:00,0.1
5/25/2017 9:00,0.1
5/25/2017 10:00,0
5/25/2017 11:00,0.1
5/25/2017 12:00,0.1
5/25/2017 13:00,0.1
5/25/2017 14:00,0
5/25/2017 15:00,0.1
5/25/2017 16:00,0
5/25/2017 17:00,0
5/25/2017 18:00,0.1
5/25/2017 19:00,0
5/25/2017 20:00,0
5/25/2017 21:00,0.1
5/25/2017 22:00,0
5/25/2017 23:00,0
5/26/2017 0:00,0
5/26/2017 1:00,0
5/26/2017 2:00,0
5/26/2017 3:00,0
5/26/2017 4:00,0
5/26/2017 5:00,0
5/26/2017 6:00,0
5/26/2017 7:00,0.3
5/26/2017 8:00,0
5/26/2017 9:00,0
5/26/2017 10:00,0.1
5/26/2017 11:00,0
5/26/2017 12:00,0.1
5/26/2017 13:00,0.2
5/26/2017 14:00,0
5/26/2017 15:00,0
5/26/2017 16:00,0
5/26/2017 17:00,0
5/26/2017 18:00,0
5/26/2017 19:00,0.1
5/26/2017 20:00,0
5/26/2017 21:00,0
5/26/2017 22:00,0.1
5/26/2017 23:00,0
5/27/2017 0:00,0.1
5/27/2017 1:00,0
5/27/2017 2:00,0
5/27/2017 3:00,0
5/27/2017 4:00,0
5/27/2017 5:00,0
5/27/2017 6:00,0
5/27/2017 7:00,0
5/27/2017 8:00,0.1
5/27/2017 9:00,0.2
5/27/2017 10:00,0.2
5/27/2017 11:00,0
5/27/2017 12:00,0
5/27/2017 13:00,0.1
5/27/2017 14:00,0.1
5/27/2017 15:00,0
5/27/2017 16:00,0
5/27/2017 17:00,0.1
5/27/2017 18:00,0
5/27/2017 19:00,0.1
5/27/2017 20:00,0
5/27/2017 21:00,0
5/27/2017 22:00,0.1
5/27/2017 23:00,0.1
5/28/2017 0:00,0.1
5/28/2017 1:00,0
5/28/2017 2:00,0.1
5/28/2017 3:00,0
5/28/2017 4:00,0
5/28/2017 5:00,0
5/28/2017 6:00,0
5/28/2017 7:00,0.1
5/28/2017 8:00,0
5/28/2017 9:00,0.1
5/28/2017 10:00,0.5
5/28/2017 11:00,0
5/28/2017 12:00,0.1
5/28/2017 13:00,0
5/28/2017 14:00,0
5/28/2017 15:00,0
5/28/2017 16:00,0.1
5/28/2017 17:00,0.2
5/28/2017 18:00,0.2
5/28/2017 19:00,0.1
5/28/2017 20:00,0
5/28/2017 21:00,0.5
5/28/2017 22:00,0
5/28/2017 23:00,0
5/29/2017 0:00,0.1
5/29/2017 1:00,0
5/29/2017 2:00,0.1
5/29/2017 3:00,0
5/29/2017 4:00,0.1
5/29/2017 5:00,0
5/29/2017 6:00,0
5/29/2017 7:00,0
5/29/2017 8:00,0.1
5/29/2017 9:00,0
5/29/2017 10:00,0.4
5/29/2017 11:00,0.2
5/29/2017 12:00,0.1
5/29/2017 13:00,0.2
5/29/2017 14:00,0
5/29/2017 15:00,0
5/29/2017 16:00,0
5/29/2017 17:00,0.4
5/29/2017 18:00,0.1
5/29/2017 19:00,0
5/29/2017 20:00,0
5/29/2017 21:00,0
5/29/2017 22:00,0
5/29/2017 23:00,0.1
5/30/2017 0:00,0
5/30/2017 1:00,0.1
5/30/2017 2:00,0
5/30/2017 3:00,0.1
5/30/2017 4:00,0
5/30/2017 5:00,0
5/30/2017 6:00,0
5/30/2017 7:00,0.3
5/30/2017 8:00,0
5/30/2017 9:00,0
5/30/2017 10:00,0
5/30/2017 11:00,0.1
5/30/2017 12:00,0.1
5/30/2017 13:00,0.1
5/30/2017 14:00,0.1
5/30/2017 15:00,0
5/30/2017 16:00,0
5/30/2017 17:00,0
5/30/2017 18:00,0.5
5/30/2017 19:00,0
5/30/2017 20:00,0
5/30/2017 21:00,0.1
5/30/2017 22:00,0
5/30/2017 23:00,0
5/31/2017 0:00,0.1
5/31/2017 1:00,0
5/31/2017 2:00,0
5/31/2017 3:00,0
5/31/2017 4:00,0
5/31/2017 5:00,0
5/31/2017 6:00,0
5/31/2017 7:00,0.4
5/31/2017 8:00,0
5/31/2017 9:00,0
5/31/2017 10:00,0.1
5/31/2017 11:00,0.1
5/31/2017 12:00,0.1
5/31/2017 13:00,0.1
5/31/2017 14:00,0.1
5/31/2017 15:00,0
5/31/2017 16:00,0
5/31/2017 17:00,0.1
5/31/2017 18:00,1
5/31/2017 19:00,0.2
5/31/2017 20:00,0
5/31/2017 21:00,0
5/31/2017 22:00,0.1
5/31/2017 23:00,0
6/1/2017 0:00,0.1
6/1/2017 1:00,0
6/1/2017 2:00,0
6/1/2017 3:00,0
6/1/2017 4:00,0.1
6/1/2017 5:00,0
6/1/2017 6:00,0
6/1/2017 7:00,0.3
6/1/2017 8:00,0.1
6/1/2017 9:00,0
6/1/2017 10:00,0
6/1/2017 11:00,0
6/1/2017 12:00,0
6/1/2017 13:00,0
6/1/2017 14:00,0
6/1/2017 15:00,0.2
6/1/2017 16:00,0
6/1/2017 17:00,0.1
6/1/2017 18:00,0
6/1/2017 19:00,0
6/1/2017 20:00,0
6/1/2017 21:00,0.1
6/1/2017 22:00,0
6/1/2017 23:00,0.1
6/2/2017 0:00,0
6/2/2017 1:00,0
6/2/2017 2:00,0
6/2/2017 3:00,0
6/2/2017 4:00,0.1
6/2/2017 5:00,0
6/2/2017 6:00,0
6/2/2017 7:00,0.4
6/2/2017 8:00,0
6/2/2017 9:00,0
6/2/2017 10:00,0.2
6/2/2017 11:00,0.1
6/2/2017 12:00,0.1
6/2/2017 13:00,0
6/2/2017 14:00,0
6/2/2017 15:00,0.1
6/2/2017 16:00,0
6/2/2017 17:00,0
6/2/2017 18:00,0.1
6/2/2017 19:00,0
6/2/2017 20:00,0.4
6/2/2017 21:00,0
6/2/2017 22:00,0
6/2/2017 23:00,0
6/3/2017 0:00,0.1
6/3/2017 1:00,0
6/3/2017 2:00,0
6/3/2017 3:00,0
6/3/2017 4:00,0
6/3/2017 5:00,0
6/3/2017 6:00,0
6/3/2017 7:00,0.1
6/3/2017 8:00,0
6/3/2017 9:00,0
6/3/2017 10:00,0
6/3/2017 11:00,0
6/3/2017 12:00,0
6/3/2017 13:00,0.2
6/3/2017 14:00,0
6/3/2017 15:00,0
6/3/2017 16:00,0
6/3/2017 17:00,0.1
6/3/2017 18:00,0
6/3/2017 19:00,0.1
6/3/2017 20:00,0
6/3/2017 21:00,0
6/3/2017 22:00,0
6/3/2017 23:00,0
6/4/2017 0:00,0
6/4/2017 1:00,0
6/4/2017 2:00,0
6/4/2017 3:00,0
6/4/2017 4:00,0.1
6/4/2017 5:00,0
6/4/2017 6:00,0
6/4/2017 7:00,0
6/4/2017 8:00,0
6/4/2017 9:00,0.1
6/4/2017 10:00,0
6/4/2017 11:00,0.1
6/4/2017 12:00,0.1
6/4/2017 13:00,0.1
6/4/2017 14:00,0.1
6/4/2017 15:00,0
6/4/2017 16:00,0
6/4/2017 17:00,0
6/4/2017 18:00,0.5
6/4/2017 19:00,0
6/4/2017 20:00,0.1
6/4/2017 21:00,0
6/4/2017 22:00,0
6/4/2017 23:00,0.1
6/5/2017 0:00,0.1
6/5/2017 1:00,0
6/5/2017 2:00,0
6/5/2017 3:00,0
6/5/2017 4:00,0
6/5/2017 5:00,0
6/5/2017 6:00,0.1
6/5/2017 7:00,0
6/5/2017 8:00,0.6
6/5/2017 9:00,0
6/5/2017 10:00,0.1
6/5/2017 11:00,0.1
6/5/2017 12:00,0.1
6/5/2017 13:00,0.2
6/5/2017 14:00,0
6/5/2017 15:00,0
6/5/2017 16:00,0
6/5/2017 17:00,0
6/5/2017 18:00,0.1
6/5/2017 19:00,0.2
6/5/2017 20:00,0.2
6/5/2017 21:00,0
6/5/2017 22:00,0
6/5/2017 23:00,0.1
6/6/2017 0:00,0
6/6/2017 1:00,0.1
6/6/2017 2:00,0
6/6/2017 3:00,0
6/6/2017 4:00,0
6/6/2017 5:00,0
6/6/2017 6:00,0
6/6/2017 7:00,0.1
6/6/2017 8:00,0.2
6/6/2017 9:00,0.1
6/6/2017 10:00,0
6/6/2017 11:00,0
6/6/2017 12:00,0.1
6/6/2017 13:00,0
6/6/2017 14:00,0.1
6/6/2017 15:00,0
6/6/2017 16:00,0
6/6/2017 17:00,0
6/6/2017 18:00,0.1
6/6/2017 19:00,0
6/6/2017 20:00,0
6/6/2017 21:00,0
6/6/2017 22:00,0.1
6/6/2017 23:00,0
6/7/2017 0:00,0
6/7/2017 1:00,0
6/7/2017 2:00,0.1
6/7/2017 3:00,0
6/7/2017 4:00,0
6/7/2017 5:00,0
6/7/2017 6:00,0
6/7/2017 7:00,0.4
6/7/2017 8:00,0
6/7/2017 9:00,0.1
6/7/2017 10:00,0
6/7/2017 11:00,0.1
6/7/2017 12:00,0
6/7/2017 13:00,0
6/7/2017 14:00,0
6/7/2017 15:00,0.1
6/7/2017 16:00,0
6/7/2017 17:00,0
6/7/2017 18:00,0
6/7/2017 19:00,0.1
6/7/2017 20:00,0.2
6/7/2017 21:00,0.2
6/7/2017 22:00,0.1
6/7/2017 23:00,0
6/8/2017 0:00,0.1
6/8/2017 1:00,0
6/8/2017 2:00,0
6/8/2017 3:00,0
6/8/2017 4:00,0
6/8/2017 5:00,0
6/8/2017 6:00,0.1
6/8/2017 7:00,0.3
6/8/2017 8:00,0
6/8/2017 9:00,0
6/8/2017 10:00,0.1
6/8/2017 11:00,0
6/8/2017 12:00,0.2
6/8/2017 13:00,0.1
6/8/2017 14:00,0.1
6/8/2017 15:00,0
6/8/2017 16:00,0
6/8/2017 17:00,0
6/8/2017 18:00,0.1
6/8/2017 19:00,0.2
6/8/2017 20:00,0.8
6/8/2017 21:00,0
6/8/2017 22:00,0.1
6/8/2017 23:00,0
6/9/2017 0:00,0.1
6/9/2017 1:00,0
6/9/2017 2:00,0
6/9/2017 3:00,0
6/9/2017 4:00,0
6/9/2017 5:00,0
6/9/2017 6:00,0.1
6/9/2017 7:00,0.2
6/9/2017 8:00,0.1
6/9/2017 9:00,0
6/9/2017 10:00,0
6/9/2017 11:00,0.2
6/9/2017 12:00,0
6/9/2017 13:00,0
6/9/2017 14:00,0.1
6/9/2017 15:00,0
6/9/2017 16:00,0
6/9/2017 17:00,0
6/9/2017 18:00,0.2
6/9/2017 19:00,0
6/9/2017 20:00,0.1
6/9/2017 21:00,0
6/9/2017 22:00,0
6/9/2017 23:00,0.1
6/10/2017 0:00,0
6/10/2017 1:00,0
6/10/2017 2:00,0
6/10/2017 3:00,0
6/10/2017 4:00,0
6/10/2017 5:00,0
6/10/2017 6:00,0
6/10/2017 7:00,0
6/10/2017 8:00,0
6/10/2017 9:00,0.6
6/10/2017 10:00,0.4
6/10/2017 11:00,0.1
6/10/2017 12:00,0.5
6/10/2017 13:00,0.2
6/10/2017 14:00,0
6/10/2017 15:00,0
6/10/2017 16:00,0
6/10/2017 17:00,0
6/10/2017 18:00,0.1
6/10/2017 19:00,0
6/10/2017 20:00,0.1
6/10/2017 21:00,0
6/10/2017 22:00,0
6/10/2017 23:00,0.2
6/11/2017 0:00,0
6/11/2017 1:00,0
6/11/2017 2:00,0
6/11/2017 3:00,0.1
6/11/2017 4:00,0
6/11/2017 5:00,0
6/11/2017 6:00,0
6/11/2017 7:00,0
6/11/2017 8:00,0
6/11/2017 9:00,0.1
6/11/2017 10:00,0
6/11/2017 11:00,0
6/11/2017 12:00,0
6/11/2017 13:00,0.3
6/11/2017 14:00,0
6/11/2017 15:00,0
6/11/2017 16:00,0
6/11/2017 17:00,0.1
6/11/2017 18:00,0
6/11/2017 19:00,0.1
6/11/2017 20:00,0
6/11/2017 21:00,0.6
6/11/2017 22:00,0.1
6/11/2017 23:00,0
6/12/2017 0:00,0.1
6/12/2017 1:00,0
6/12/2017 2:00,0
6/12/2017 3:00,0
6/12/2017 4:00,0
6/12/2017 5:00,0
6/12/2017 6:00,0
6/12/2017 7:00,0.4
6/12/2017 8:00,0
6/12/2017 9:00,0
6/12/2017 10:00,0
6/12/2017 11:00,0
6/12/2017 12:00,0.1
6/12/2017 13:00,1.6
6/12/2017 14:00,1.1
6/12/2017 15:00,0.1
6/12/2017 16:00,0
6/12/2017 17:00,0
6/12/2017 18:00,0
6/12/2017 19:00,0
6/12/2017 20:00,0
6/12/2017 21:00,0.1
6/12/2017 22:00,0
6/12/2017 23:00,0
6/13/2017 0:00,0.1
6/13/2017 1:00,0
6/13/2017 2:00,0.1
6/13/2017 3:00,0
6/13/2017 4:00,0
6/13/2017 5:00,0
6/13/2017 6:00,0.2
6/13/2017 7:00,0
6/13/2017 8:00,0
6/13/2017 9:00,0.1
6/13/2017 10:00,0.1
6/13/2017 11:00,0.1
6/13/2017 12:00,0.1
6/13/2017 13:00,0
6/13/2017 14:00,0.1
6/13/2017 15:00,0
6/13/2017 16:00,0
6/13/2017 17:00,0
6/13/2017 18:00,0
6/13/2017 19:00,0
6/13/2017 20:00,0
6/13/2017 21:00,0.2
6/13/2017 22:00,0.3
6/13/2017 23:00,0.1
6/14/2017 0:00,0
6/14/2017 1:00,0
6/14/2017 2:00,0
6/14/2017 3:00,0
6/14/2017 4:00,0
6/14/2017 5:00,0
6/14/2017 6:00,0
6/14/2017 7:00,0.3
6/14/2017 8:00,0.1
6/14/2017 9:00,0
6/14/2017 10:00,0.1
6/14/2017 11:00,0
6/14/2017 12:00,0
6/14/2017 13:00,0.1
6/14/2017 14:00,0
6/14/2017 15:00,0
6/14/2017 16:00,0
6/14/2017 17:00,0
6/14/2017 18:00,0
6/14/2017 19:00,1.1
6/14/2017 20:00,0.4
6/14/2017 21:00,0
6/14/2017 22:00,0
6/14/2017 23:00,0.1
6/15/2017 0:00,0
6/15/2017 1:00,0
6/15/2017 2:00,0
6/15/2017 3:00,0
6/15/2017 4:00,0.1
6/15/2017 5:00,0
6/15/2017 6:00,0
6/15/2017 7:00,0.3
6/15/2017 8:00,0
6/15/2017 9:00,0
6/15/2017 10:00,0.2
6/15/2017 11:00,0.1
6/15/2017 12:00,0
6/15/2017 13:00,0.2
6/15/2017 14:00,0
6/15/2017 15:00,0
6/15/2017 16:00,0
6/15/2017 17:00,0
6/15/2017 18:00,0
6/15/2017 19:00,0
6/15/2017 20:00,0
6/15/2017 21:00,0.1
6/15/2017 22:00,0
6/15/2017 23:00,0
6/16/2017 0:00,0
6/16/2017 1:00,0
6/16/2017 2:00,0
6/16/2017 3:00,0
6/16/2017 4:00,0
6/16/2017 5:00,0
6/16/2017 6:00,0
6/16/2017 7:00,0.1
6/16/2017 8:00,0
6/16/2017 9:00,0.1
6/16/2017 10:00,0.1
6/16/2017 11:00,0.1
6/16/2017 12:00,0.1
6/16/2017 13:00,0
6/16/2017 14:00,0
6/16/2017 15:00,0.1
6/16/2017 16:00,0.1
6/16/2017 17:00,0
6/16/2017 18:00,0
6/16/2017 19:00,0
6/16/2017 20:00,0
6/16/2017 21:00,0
6/16/2017 22:00,0
6/16/2017 23:00,0
6/17/2017 0:00,0
6/17/2017 1:00,0
6/17/2017 2:00,0.1
6/17/2017 3:00,0
6/17/2017 4:00,0
6/17/2017 5:00,0
6/17/2017 6:00,0
6/17/2017 7:00,0
6/17/2017 8:00,0
6/17/2017 9:00,0
6/17/2017 10:00,0.1
6/17/2017 11:00,0
6/17/2017 12:00,0
6/17/2017 13:00,0
6/17/2017 14:00,0
6/17/2017 15:00,0
6/17/2017 16:00,0
6/17/2017 17:00,0.1
6/17/2017 18:00,0
6/17/2017 19:00,0.1
6/17/2017 20:00,0
6/17/2017 21:00,0.1
6/17/2017 22:00,0
6/17/2017 23:00,0.1
6/18/2017 0:00,0
6/18/2017 1:00,0
6/18/2017 2:00,0
6/18/2017 3:00,0
6/18/2017 4:00,0
6/18/2017 5:00,0
6/18/2017 6:00,0
6/18/2017 7:00,0
6/18/2017 8:00,0.4
6/18/2017 9:00,0
6/18/2017 10:00,0.1
6/18/2017 11:00,0
6/18/2017 12:00,0.2
6/18/2017 13:00,0
6/18/2017 14:00,0
6/18/2017 15:00,0
6/18/2017 16:00,0
6/18/2017 17:00,0
6/18/2017 18:00,0
6/18/2017 19:00,0
6/18/2017 20:00,0
6/18/2017 21:00,0.1
6/18/2017 22:00,0.8
6/18/2017 23:00,2.9
6/19/2017 0:00,2.8
6/19/2017 1:00,0.1
6/19/2017 2:00,0.1
6/19/2017 3:00,0
6/19/2017 4:00,0
6/19/2017 5:00,0
6/19/2017 6:00,0
6/19/2017 7:00,0
6/19/2017 8:00,0.1
6/19/2017 9:00,0.1
6/19/2017 10:00,0
6/19/2017 11:00,0
6/19/2017 12:00,0
6/19/2017 13:00,0.2
6/19/2017 14:00,0.1
6/19/2017 15:00,0
6/19/2017 16:00,0
6/19/2017 17:00,0
6/19/2017 18:00,0
6/19/2017 19:00,0.1
6/19/2017 20:00,0.1
6/19/2017 21:00,0
6/19/2017 22:00,0.1
6/19/2017 23:00,0.1
6/20/2017 0:00,0.4
6/20/2017 1:00,0
6/20/2017 2:00,0
6/20/2017 3:00,0.1
6/20/2017 4:00,0.1
6/20/2017 5:00,0
6/20/2017 6:00,0
6/20/2017 7:00,0
6/20/2017 8:00,0
6/20/2017 9:00,0.1
6/20/2017 10:00,0
6/20/2017 11:00,0
6/20/2017 12:00,0.1
6/20/2017 13:00,0.2
6/20/2017 14:00,0.2
6/20/2017 15:00,0.1
6/20/2017 16:00,0.1
6/20/2017 17:00,0
6/20/2017 18:00,0
6/20/2017 19:00,0
6/20/2017 20:00,0
6/20/2017 21:00,0.1
6/20/2017 22:00,0
6/20/2017 23:00,0.9
6/21/2017 0:00,1
6/21/2017 1:00,0
6/21/2017 2:00,0.1
6/21/2017 3:00,0
6/21/2017 4:00,0
6/21/2017 5:00,0
6/21/2017 6:00,0
6/21/2017 7:00,0.1
6/21/2017 8:00,0.1
6/21/2017 9:00,0
6/21/2017 10:00,0.1
6/21/2017 11:00,0
6/21/2017 12:00,0
6/21/2017 13:00,0
6/21/2017 14:00,0
6/21/2017 15:00,0
6/21/2017 16:00,0
6/21/2017 17:00,0.1
6/21/2017 18:00,0
6/21/2017 19:00,0
6/21/2017 20:00,0
6/21/2017 21:00,0
6/21/2017 22:00,0
6/21/2017 23:00,0
6/22/2017 0:00,0.1
6/22/2017 1:00,0.1
6/22/2017 2:00,0
6/22/2017 3:00,0
6/22/2017 4:00,0
6/22/2017 5:00,0
6/22/2017 6:00,0
6/22/2017 7:00,0.4
6/22/2017 8:00,0.1
6/22/2017 9:00,0
6/22/2017 10:00,0
6/22/2017 11:00,0.1
6/22/2017 12:00,0
6/22/2017 13:00,0
6/22/2017 14:00,0.1
6/22/2017 15:00,0.2
6/22/2017 16:00,0
6/22/2017 17:00,0
6/22/2017 18:00,0.2
6/22/2017 19:00,1.4
6/22/2017 20:00,0.5
6/22/2017 21:00,0
6/22/2017 22:00,0
6/22/2017 23:00,0.1
6/23/2017 0:00,0
6/23/2017 1:00,0
6/23/2017 2:00,0
6/23/2017 3:00,0
6/23/2017 4:00,0
6/23/2017 5:00,0.1
6/23/2017 6:00,0
6/23/2017 7:00,0.3
6/23/2017 8:00,0
6/23/2017 9:00,0
6/23/2017 10:00,0
6/23/2017 11:00,0
6/23/2017 12:00,0
6/23/2017 13:00,0.2
6/23/2017 14:00,0.1
6/23/2017 15:00,0
6/23/2017 16:00,0
6/23/2017 17:00,0.1
6/23/2017 18:00,0
6/23/2017 19:00,1.2
6/23/2017 20:00,0
6/23/2017 21:00,0.1
6/23/2017 22:00,0
6/23/2017 23:00,0.1
6/24/2017 0:00,0
6/24/2017 1:00,0.1
6/24/2017 2:00,0
6/24/2017 3:00,0
6/24/2017 4:00,0
6/24/2017 5:00,0
6/24/2017 6:00,0.1
6/24/2017 7:00,0
6/24/2017 8:00,0.1
6/24/2017 9:00,0
6/24/2017 10:00,0.1
6/24/2017 11:00,0
6/24/2017 12:00,0
6/24/2017 13:00,0.3
6/24/2017 14:00,0
6/24/2017 15:00,0.1
6/24/2017 16:00,0.1
6/24/2017 17:00,0
6/24/2017 18:00,0
6/24/2017 19:00,0
6/24/2017 20:00,0.1
6/24/2017 21:00,0.1
6/24/2017 22:00,0
6/24/2017 23:00,0
6/25/2017 0:00,0.1
6/25/2017 1:00,0
6/25/2017 2:00,0
6/25/2017 3:00,0
6/25/2017 4:00,0.1
6/25/2017 5:00,0
6/25/2017 6:00,0
6/25/2017 7:00,0
6/25/2017 8:00,0.2
6/25/2017 9:00,0.1
6/25/2017 10:00,0.1
6/25/2017 11:00,0.1
6/25/2017 12:00,0
6/25/2017 13:00,0
6/25/2017 14:00,0.1
6/25/2017 15:00,0
6/25/2017 16:00,0.2
6/25/2017 17:00,0.1
6/25/2017 18:00,0
6/25/2017 19:00,0.1
6/25/2017 20:00,0
6/25/2017 21:00,0.2
6/25/2017 22:00,0.3
6/25/2017 23:00,0
6/26/2017 0:00,0.1
6/26/2017 1:00,0
6/26/2017 2:00,0
6/26/2017 3:00,0
6/26/2017 4:00,0.1
6/26/2017 5:00,0
6/26/2017 6:00,0
6/26/2017 7:00,0
6/26/2017 8:00,0.1
6/26/2017 9:00,0
6/26/2017 10:00,0
6/26/2017 11:00,0.2
6/26/2017 12:00,0.1
6/26/2017 13:00,0
6/26/2017 14:00,0
6/26/2017 15:00,0
6/26/2017 16:00,0.1
6/26/2017 17:00,0
6/26/2017 18:00,0
6/26/2017 19:00,0.1
6/26/2017 20:00,0
6/26/2017 21:00,0
6/26/2017 22:00,0.1
6/26/2017 23:00,0
6/27/2017 0:00,0.1
6/27/2017 1:00,0
6/27/2017 2:00,0.1
6/27/2017 3:00,0
6/27/2017 4:00,0
6/27/2017 5:00,0
6/27/2017 6:00,0.1
6/27/2017 7:00,0
6/27/2017 8:00,0
6/27/2017 9:00,0.1
6/27/2017 10:00,0
6/27/2017 11:00,0.1
6/27/2017 12:00,0.1
6/27/2017 13:00,0.1
6/27/2017 14:00,0.1
6/27/2017 15:00,0.1
6/27/2017 16:00,0
6/27/2017 17:00,0
6/27/2017 18:00,0
6/27/2017 19:00,0
6/27/2017 20:00,0.1
6/27/2017 21:00,0
6/27/2017 22:00,0
6/27/2017 23:00,0.1
6/28/2017 0:00,0
6/28/2017 1:00,0
6/28/2017 2:00,0
6/28/2017 3:00,0
6/28/2017 4:00,0.1
6/28/2017 5:00,0
6/28/2017 6:00,0
6/28/2017 7:00,0
6/28/2017 8:00,0
6/28/2017 9:00,0.1
6/28/2017 10:00,0.1
6/28/2017 11:00,0.1
6/28/2017 12:00,0.1
6/28/2017 13:00,0.2
6/28/2017 14:00,0
6/28/2017 15:00,0
6/28/2017 16:00,0.1
6/28/2017 17:00,0
6/28/2017 18:00,0
6/28/2017 19:00,0
6/28/2017 20:00,0.5
6/28/2017 21:00,0.6
6/28/2017 22:00,0.1
6/28/2017 23:00,0
6/29/2017 0:00,0.1
6/29/2017 1:00,0
6/29/2017 2:00,0
6/29/2017 3:00,0
6/29/2017 4:00,0
6/29/2017 5:00,0.1
6/29/2017 6:00,0
6/29/2017 7:00,0
6/29/2017 8:00,0.2
6/29/2017 9:00,0.3
6/29/2017 10:00,0
6/29/2017 11:00,0.1
6/29/2017 12:00,0.1
6/29/2017 13:00,0.2
6/29/2017 14:00,0.3
6/29/2017 15:00,0.3
6/29/2017 16:00,0.2
6/29/2017 17:00,0
6/29/2017 18:00,0
6/29/2017 19:00,0
6/29/2017 20:00,0
6/29/2017 21:00,0.1
6/29/2017 22:00,0
6/29/2017 23:00,0.1
6/30/2017 0:00,0
6/30/2017 1:00,0
6/30/2017 2:00,0.1
6/30/2017 3:00,0
6/30/2017 4:00,0
6/30/2017 5:00,0
6/30/2017 6:00,0
6/30/2017 7:00,0
6/30/2017 8:00,0
6/30/2017 9:00,0.1
6/30/2017 10:00,0.1
6/30/2017 11:00,0
6/30/2017 12:00,0.2
6/30/2017 13:00,0.1
6/30/2017 14:00,0.9
6/30/2017 15:00,2.3
6/30/2017 16:00,0.1
6/30/2017 17:00,0
6/30/2017 18:00,0
6/30/2017 19:00,0
6/30/2017 20:00,0.1
6/30/2017 21:00,0
6/30/2017 22:00,0
6/30/2017 23:00,0
7/1/2017 0:00,0.1
7/1/2017 1:00,0
7/1/2017 2:00,0
7/1/2017 3:00,0
7/1/2017 4:00,0
7/1/2017 5:00,0
7/1/2017 6:00,0.1
7/1/2017 7:00,0
7/1/2017 8:00,0
7/1/2017 9:00,0
7/1/2017 10:00,0.1
7/1/2017 11:00,0
7/1/2017 12:00,0
7/1/2017 13:00,0.2
7/1/2017 14:00,0.1
7/1/2017 15:00,0.1
7/1/2017 16:00,0
7/1/2017 17:00,0.5
7/1/2017 18:00,0.1
7/1/2017 19:00,0
7/1/2017 20:00,0
7/1/2017 21:00,0.1
7/1/2017 22:00,0
7/1/2017 23:00,0.1
7/2/2017 0:00,0
7/2/2017 1:00,0.1
7/2/2017 2:00,0
7/2/2017 3:00,0
7/2/2017 4:00,0
7/2/2017 5:00,0.1
7/2/2017 6:00,0
7/2/2017 7:00,0
7/2/2017 8:00,0
7/2/2017 9:00,0.1
7/2/2017 10:00,0.5
7/2/2017 11:00,0.1
7/2/2017 12:00,0
7/2/2017 13:00,0.4
7/2/2017 14:00,0.1
7/2/2017 15:00,0
7/2/2017 16:00,0.1
7/2/2017 17:00,0
7/2/2017 18:00,0
7/2/2017 19:00,0.3
7/2/2017 20:00,1
7/2/2017 21:00,0
7/2/2017 22:00,0
7/2/2017 23:00,0.1
7/3/2017 0:00,0
7/3/2017 1:00,0.1
7/3/2017 2:00,0
7/3/2017 3:00,0
7/3/2017 4:00,0.1
7/3/2017 5:00,0
7/3/2017 6:00,0
7/3/2017 7:00,0
7/3/2017 8:00,0.1
7/3/2017 9:00,0.4
7/3/2017 10:00,0.2
7/3/2017 11:00,0.3
7/3/2017 12:00,0
7/3/2017 13:00,0.1
7/3/2017 14:00,0.2
7/3/2017 15:00,0.1
7/3/2017 16:00,0.4
7/3/2017 17:00,0
7/3/2017 18:00,0.1
7/3/2017 19:00,0
7/3/2017 20:00,0
7/3/2017 21:00,0
7/3/2017 22:00,0.1
7/3/2017 23:00,0.1
7/4/2017 0:00,0.1
7/4/2017 1:00,0
7/4/2017 2:00,0
7/4/2017 3:00,0
7/4/2017 4:00,0
7/4/2017 5:00,0.1
7/4/2017 6:00,0.1
7/4/2017 7:00,0
7/4/2017 8:00,0
7/4/2017 9:00,0.3
7/4/2017 10:00,0.5
7/4/2017 11:00,0
7/4/2017 12:00,0.4
7/4/2017 13:00,0
7/4/2017 14:00,0.1
7/4/2017 15:00,0
7/4/2017 16:00,0
7/4/2017 17:00,0
7/4/2017 18:00,0
7/4/2017 19:00,0.1
7/4/2017 20:00,0
7/4/2017 21:00,0
7/4/2017 22:00,0
7/4/2017 23:00,0.1
7/5/2017 0:00,0.2
7/5/2017 1:00,0
7/5/2017 2:00,0
7/5/2017 3:00,0
7/5/2017 4:00,0
7/5/2017 5:00,0
7/5/2017 6:00,0
7/5/2017 7:00,0
7/5/2017 8:00,0.5
7/5/2017 9:00,0
7/5/2017 10:00,0.4
7/5/2017 11:00,0.1
7/5/2017 12:00,0
7/5/2017 13:00,0.2
7/5/2017 14:00,0.1
7/5/2017 15:00,0
7/5/2017 16:00,0
7/5/2017 17:00,0.3
7/5/2017 18:00,0.2
7/5/2017 19:00,1.1
7/5/2017 20:00,0
7/5/2017 21:00,0.1
7/5/2017 22:00,0
7/5/2017 23:00,0.1
7/6/2017 0:00,0
7/6/2017 1:00,0.1
7/6/2017 2:00,0
7/6/2017 3:00,0
7/6/2017 4:00,0.1
7/6/2017 5:00,0
7/6/2017 6:00,0
7/6/2017 7:00,0
7/6/2017 8:00,0
7/6/2017 9:00,0.4
7/6/2017 10:00,0
7/6/2017 11:00,0.1
7/6/2017 12:00,0
7/6/2017 13:00,0
7/6/2017 14:00,0
7/6/2017 15:00,0
7/6/2017 16:00,0
7/6/2017 17:00,0.1
7/6/2017 18:00,0
7/6/2017 19:00,0
7/6/2017 20:00,0.1
7/6/2017 21:00,0
7/6/2017 22:00,0.1
7/6/2017 23:00,0
7/7/2017 0:00,0
7/7/2017 1:00,0
7/7/2017 2:00,0
7/7/2017 3:00,0
7/7/2017 4:00,0
7/7/2017 5:00,0
7/7/2017 6:00,0.1
7/7/2017 7:00,0
7/7/2017 8:00,0
7/7/2017 9:00,0
7/7/2017 10:00,0.1
7/7/2017 11:00,0.1
7/7/2017 12:00,0.1
7/7/2017 13:00,1.3
7/7/2017 14:00,1.9
7/7/2017 15:00,0
7/7/2017 16:00,0.1
7/7/2017 17:00,0
7/7/2017 18:00,0
7/7/2017 19:00,0.1
7/7/2017 20:00,0.1
7/7/2017 21:00,0
7/7/2017 22:00,0.1
7/7/2017 23:00,0
7/8/2017 0:00,0
7/8/2017 1:00,0
7/8/2017 2:00,0
7/8/2017 3:00,0
7/8/2017 4:00,0
7/8/2017 5:00,0
7/8/2017 6:00,0
7/8/2017 7:00,0
7/8/2017 8:00,0
7/8/2017 9:00,0
7/8/2017 10:00,0.1
7/8/2017 11:00,0
7/8/2017 12:00,0.1
7/8/2017 13:00,0.1
7/8/2017 14:00,0.1
7/8/2017 15:00,0
7/8/2017 16:00,0
7/8/2017 17:00,0
7/8/2017 18:00,0
7/8/2017 19:00,0
7/8/2017 20:00,0.1
7/8/2017 21:00,0
7/8/2017 22:00,0
7/8/2017 23:00,0.1
7/9/2017 0:00,0
7/9/2017 1:00,0.1
7/9/2017 2:00,0
7/9/2017 3:00,0
7/9/2017 4:00,0
7/9/2017 5:00,0
7/9/2017 6:00,0
7/9/2017 7:00,0
7/9/2017 8:00,0
7/9/2017 9:00,0
7/9/2017 10:00,0
7/9/2017 11:00,0.1
7/9/2017 12:00,1.1
7/9/2017 13:00,0
7/9/2017 14:00,0
7/9/2017 15:00,1.4
7/9/2017 16:00,4.9
7/9/2017 17:00,4.8
7/9/2017 18:00,0
7/9/2017 19:00,0
7/9/2017 20:00,0
7/9/2017 21:00,0
7/9/2017 22:00,0
7/9/2017 23:00,0.1
7/10/2017 0:00,0.1
